Date,ticker,weekofyear_sin,weekofyear_cos,log_ret_lag1,ret_3d,mom_10,ma_200,macd,bbp,adx_14,obv,vol_ma_20,vol_chg,vol_20d,Close
2023-11-30,RZLV,-0.46472317,0.885456,-0.0009323334,0.00092843774,0.05499935,10.41394,0.014786433,0.8521696,39.79663,2155600.0,8140.0,0.9285714,0.0027700965,10.779999732971191
2023-12-01,RZLV,-0.46472317,0.885456,0.0055813603,0.00465985,0.029999733,10.417365,0.016407795,0.81707346,38.531006,2155600.0,8140.0,-1.0,0.0027700965,10.779999732971191
2023-12-04,RZLV,-0.3546049,0.9350162,0.0,0.005596965,0.029999733,10.421065,0.017491108,0.7874189,37.35578,2155600.0,2440.0,-1.0,0.0027700965,10.779999732971191
2023-12-05,RZLV,-0.3546049,0.9350162,0.0,0.0,0.009999275,10.424815,0.01814053,0.76186305,36.264503,2155600.0,2435.0,-1.0,0.0027700965,10.779999732971191
2023-12-06,RZLV,-0.3546049,0.9350162,0.0,-0.0027829066,0.0,10.428415,0.016049465,0.47359705,35.87383,2055600.0,6830.0,-1.0,0.00261678,10.75
2023-12-07,RZLV,-0.3546049,0.9350162,-0.002786786,0.0018553301,0.07000065,10.432265,0.018216886,1.004896,33.948814,2092500.0,8280.0,-0.631,0.0025222509,10.800000190734863
2023-12-08,RZLV,-0.3546049,0.9350162,0.004640397,0.0018553301,0.029999733,10.436115,0.019707408,0.9351532,32.161304,2092500.0,8180.0,-1.0,0.0023992925,10.800000190734863
2023-12-11,RZLV,-0.23931566,0.97094184,0.0,0.0037209266,0.019999504,10.439915,0.01985287,0.79611856,30.744379,2091900.0,8210.0,-1.0,0.002412956,10.789999961853027
2023-12-12,RZLV,-0.23931566,0.97094184,-0.00092637603,-0.0009259471,0.06000042,10.443715,0.019740593,0.7681918,29.428663,2091900.0,8435.0,6.5,0.002412956,10.789999961853027
2023-12-13,RZLV,-0.23931566,0.97094184,0.0,-0.002777753,0.05000019,10.447065,0.01783226,0.55802256,28.926958,2075300.0,9265.0,2.6888888,0.0024557908,10.770000457763672
2023-12-14,RZLV,-0.23931566,0.97094184,-0.0018552421,-0.004633938,-0.03999996,10.450615,0.013740694,0.23662907,28.883726,2073200.0,8350.0,-0.87349397,0.0024816813,10.739999771118164
2023-12-15,RZLV,-0.23931566,0.97094184,-0.002789466,-0.004633938,-0.03999996,10.454115,0.010378462,0.24653275,28.84358,2073200.0,8345.0,-0.95238096,0.002424116,10.739999771118164
2023-12-18,RZLV,-0.12053668,0.99270886,0.0,-0.002785579,-0.03999996,10.45759,0.007625962,0.25590467,28.806303,2073200.0,8345.0,-1.0,0.002424116,10.739999771118164
2023-12-19,RZLV,-0.12053668,0.99270886,0.0,0.0,-0.03999996,10.46109,0.0053825392,0.27594042,28.771688,2073200.0,8320.0,-1.0,0.002382536,10.739999771118164
2023-12-20,RZLV,-0.12053668,0.99270886,0.0,0.0,-0.010000229,10.46459,0.0035635321,0.28400892,28.739548,2073200.0,8300.0,-1.0,0.0023478991,10.739999771118164
2023-12-21,RZLV,-0.12053668,0.99270886,0.0,-0.0018621513,-0.07999992,10.46799,0.00050237204,0.10420279,29.437384,2063900.0,8755.0,-1.0,0.0023479662,10.720000267028809
2023-12-22,RZLV,-0.12053668,0.99270886,-0.0018638872,-0.0018621513,-0.07999992,10.47139,-0.0019016977,0.14803524,30.085375,2063900.0,8750.0,-1.0,0.0021743164,10.720000267028809
2023-12-26,RZLV,6.4324905e-16,1.0,0.0,-0.0018621513,-0.069999695,10.47479,-0.0037635565,0.18411921,30.687082,2063900.0,8745.0,-1.0,0.0021743164,10.720000267028809
2023-12-27,RZLV,6.4324905e-16,1.0,0.0,0.0,-0.069999695,10.47819,-0.005179388,0.19441056,31.24581,2063900.0,8710.0,-1.0,0.0020138016,10.720000267028809
2023-12-28,RZLV,6.4324905e-16,1.0,0.0,0.0,-0.05000019,10.48159,-0.0062296335,0.19441056,31.764627,2063900.0,8640.0,-1.0,0.002002945,10.720000267028809
2023-12-29,RZLV,6.4324905e-16,1.0,0.0,0.0046641966,0.030000687,10.48524,-0.0029928633,0.62455255,29.718878,2064600.0,8540.0,-1.0,0.0018724138,10.770000457763672
2024-01-02,RZLV,0.12053668,0.99270886,0.0046533532,0.009328305,0.07999992,10.48914,0.0035657177,0.9867931,28.962229,2099400.0,10280.0,48.714287,0.0021460229,10.819999694824219
2024-01-03,RZLV,0.12053668,0.99270886,0.0046317116,0.010261162,0.09000015,10.49284,0.009461311,0.9903511,28.750887,2112500.0,10935.0,-0.62356323,0.002151719,10.829999923706055
2024-01-04,RZLV,0.12053668,0.99270886,0.0009238088,0.006499507,0.10000038,10.49659,0.014770283,0.98428726,28.55464,2124500.0,11535.0,-0.08396947,0.0021563442,10.84000015258789
2024-01-05,RZLV,0.12053668,0.99270886,0.0009229561,0.0018484712,0.10000038,10.5003395,0.018761413,0.9200561,28.372412,2124500.0,6535.0,-1.0,0.0020346688,10.84000015258789
2024-01-08,RZLV,0.23931566,0.97094184,0.0,0.0018467644,0.13000011,10.50414,0.0224723,0.93054295,29.779175,2312700.0,14100.0,-1.0,0.0017815437,10.850000381469727
2024-01-09,RZLV,0.23931566,0.97094184,0.00092210504,0.0018449727,0.13999939,10.50799,0.025921257,0.9326367,31.228603,2313500.0,14140.0,-0.9957492,0.001787124,10.859999656677246
2024-01-10,RZLV,0.23931566,0.97094184,0.0009211677,0.005535006,0.17999935,10.51204,0.031518914,1.026435,32.574505,2313900.0,14130.0,-0.5,0.0019161529,10.899999618530273
2024-01-11,RZLV,0.23931566,0.97094184,0.0036764713,0.0046082246,0.17999935,10.51619,0.035545353,0.95471627,33.82427,2313900.0,13905.0,-1.0,0.0019161529,10.899999618530273
2024-01-12,RZLV,0.23931566,0.97094184,0.0,0.0036832378,0.17999935,10.52034,0.038294893,0.8984247,34.98476,2313900.0,13075.0,-1.0,0.001839149,10.899999618530273
2024-01-16,RZLV,0.3546049,0.9350162,0.0,-0.001834817,0.10999966,10.52439,0.038417283,0.7929573,35.054264,2262400.0,15545.0,-1.0,0.0017574605,10.880000114440918
2024-01-17,RZLV,0.3546049,0.9350162,-0.0018365023,-0.0009173647,0.07000065,10.5284395,0.038873106,0.7954346,35.118805,2272400.0,16040.0,-0.80582523,0.0017515976,10.890000343322754
2024-01-18,RZLV,0.3546049,0.9350162,0.00091871654,-0.0009173647,0.06000042,10.53249,0.038787235,0.76683396,35.178734,2272400.0,16040.0,-1.0,0.0017515976,10.890000343322754
2024-01-19,RZLV,0.3546049,0.9350162,0.0,0.00091913866,0.05000019,10.53649,0.038277935,0.7414637,35.23438,2272400.0,16040.0,-1.0,0.0017515976,10.890000343322754
2024-01-22,RZLV,0.46472317,0.885456,0.0,0.00091820705,0.059999466,10.54054,0.038240362,0.7499685,36.015602,2295200.0,17180.0,-1.0,0.001744436,10.899999618530273
2024-01-23,RZLV,0.46472317,0.885456,0.00091778574,0.0011019361,0.052000046,10.54455,0.037934743,0.7348653,36.175682,2295600.0,16735.0,-0.98245615,0.0016406476,10.902000427246094
2024-01-24,RZLV,0.46472317,0.885456,0.0001835436,0.00091820705,0.03999996,10.54855,0.037103385,0.7085773,36.32433,2295500.0,16740.0,-0.75,0.0016461172,10.899999618530273
2024-01-25,RZLV,0.46472317,0.885456,-0.0001835436,0.0,0.0,10.55255,0.036029205,0.6923812,36.462357,2295500.0,16740.0,-1.0,0.0016461172,10.899999618530273
2024-01-26,RZLV,0.46472317,0.885456,0.0,-0.00018352675,0.0,10.55655,0.034777023,0.68078244,36.590527,2295500.0,16745.0,-1.0,0.0016461172,10.899999618530273
2024-01-29,RZLV,0.56806475,0.82298386,0.0,-0.0009173647,-0.009999275,10.5605,0.032601986,0.61923736,36.039127,2294400.0,16800.0,10.0,0.0016829543,10.890000343322754
2024-01-30,RZLV,0.56806475,0.82298386,-0.00091778574,-0.0009173647,0.010000229,10.56445,0.030526362,0.6037263,35.527115,2294400.0,16775.0,-0.8181818,0.0014202641,10.890000343322754
2024-01-31,RZLV,0.56806475,0.82298386,0.0,-0.0009173647,0.0,10.5684,0.028552284,0.5828583,35.051674,2294400.0,15035.0,-1.0,0.0010475585,10.890000343322754
2024-02-01,RZLV,0.56806475,0.82298386,0.0,0.0,0.0,10.57235,0.02668026,0.5598388,34.610195,2294400.0,14380.0,-1.0,0.0010399986,10.890000343322754
2024-02-02,RZLV,0.56806475,0.82298386,0.0,0.0027547963,0.029999733,10.57645,0.027302667,0.90750945,35.29279,2394800.0,18800.0,-1.0,0.0011721562,10.920000076293945
2024-02-05,RZLV,0.66312265,0.7485108,0.0027510088,0.0018365016,0.010000229,10.58045,0.026681427,0.7792999,35.92663,2387000.0,19190.0,-0.92231077,0.0012047371,10.90999984741211
2024-02-06,RZLV,0.66312265,0.7485108,-0.00091619143,0.004591298,0.037999153,10.5845995,0.02828378,1.1866108,37.510414,2415800.0,11220.0,2.6923077,0.0013167085,10.9399995803833
2024-02-07,RZLV,0.66312265,0.7485108,0.0027459727,0.011904772,0.15000057,10.589125,0.03799184,1.4916397,40.183807,2426400.0,11710.0,-0.6319444,0.002528368,11.050000190734863
2024-02-08,RZLV,0.66312265,0.7485108,0.010004686,0.0027497464,0.03999996,10.5931,0.036389936,0.71292305,42.14789,2395000.0,13260.0,1.9622642,0.0034138963,10.9399995803833
2024-02-09,RZLV,0.66312265,0.7485108,-0.010004686,-0.0036563037,0.0,10.597,0.031529304,0.44168016,42.155903,2384300.0,13795.0,-0.65923566,0.0035207588,10.899999618530273
2024-02-12,RZLV,0.7485108,0.66312265,-0.0036630044,-0.013574712,0.009999275,10.60055,0.027361808,0.44168016,42.862373,2384300.0,13840.0,-0.91588783,0.0035207588,10.899999618530273
2024-02-13,RZLV,0.7485108,0.66312265,0.0,0.005484499,0.10999966,10.6046,0.031762097,1.0151037,44.047085,2384400.0,11270.0,-0.8888889,0.0040401374,11.0
2024-02-14,RZLV,0.7485108,0.66312265,0.009132518,0.0045871735,0.059999466,10.6084,0.030859038,0.6940387,43.523823,2384100.0,10785.0,2.0,0.004196084,10.949999809265137
2024-02-15,RZLV,0.7485108,0.66312265,-0.004555834,0.0045871735,0.059999466,10.6122,0.029799843,0.6757857,43.037933,2384100.0,10785.0,-1.0,0.004196084,10.949999809265137
2024-02-16,RZLV,0.7485108,0.66312265,0.0,-0.0018182234,0.059999466,10.61615,0.031023532,0.8179521,41.446117,2384600.0,10810.0,-1.0,0.0042309305,10.979999542236328
2024-02-20,RZLV,0.82298386,0.56806475,0.0027359556,0.0027397017,0.069999695,10.6201,0.031628717,0.7865518,39.968002,2384600.0,9670.0,-1.0,0.0042302227,10.979999542236328
2024-02-21,RZLV,0.82298386,0.56806475,0.0,0.009132455,0.11000061,10.62475,0.037326522,1.0517269,39.68019,2385200.0,9680.0,-1.0,0.00443705,11.050000190734863
2024-02-22,RZLV,0.82298386,0.56806475,0.006355051,0.0009107677,-0.06000042,10.6291,0.036578882,0.7355672,38.275646,2384600.0,9705.0,0.0,0.004641401,10.989999771118164
2024-02-23,RZLV,0.82298386,0.56806475,-0.0054446976,0.0009107677,0.05000019,10.63345,0.03557627,0.7132807,36.971428,2384600.0,9710.0,-0.8333333,0.004641401,10.989999771118164
2024-02-26,RZLV,0.885456,0.46472317,0.0,-0.005429902,0.09000015,10.63745,0.03438532,0.6926375,35.76037,2384600.0,9740.0,6.0,0.004641401,10.989999771118164
2024-02-27,RZLV,0.885456,0.46472317,0.0,0.0,0.09000015,10.6414,0.033060387,0.67283005,34.635815,2384600.0,9685.0,-1.0,0.004631997,10.989999771118164
2024-02-28,RZLV,0.885456,0.46472317,0.0,0.0,-0.010000229,10.6453495,0.031645574,0.6537686,33.591583,2384600.0,9675.0,-1.0,0.004631997,10.989999771118164
2024-02-29,RZLV,0.885456,0.46472317,0.0,0.0,0.03999996,10.6493,0.03017647,0.63503873,32.62194,2384600.0,9675.0,-1.0,0.004631997,10.989999771118164
2024-03-01,RZLV,0.885456,0.46472317,0.0,-0.00090993894,0.029999733,10.6532,0.027883833,0.5612511,31.387066,2384500.0,9680.0,-1.0,0.0046412884,10.979999542236328
2024-03-04,RZLV,0.9350162,0.3546049,-0.0009103532,-0.00090993894,0.0,10.65685,0.025769843,0.5454213,31.110617,2384500.0,4675.0,2.0,0.004609175,10.979999542236328
2024-03-05,RZLV,0.9350162,0.3546049,0.0,-0.00090993894,0.0,10.6605,0.023819908,0.5259188,30.853912,2384500.0,4285.0,-1.0,0.00460117,10.979999542236328
2024-03-06,RZLV,0.9350162,0.3546049,0.0,0.0,-0.07000065,10.66415,0.022020731,0.51328206,30.615545,2384500.0,2870.0,-1.0,0.0045660045,10.979999542236328
2024-03-07,RZLV,0.9350162,0.3546049,0.0,0.0,-0.010000229,10.6677,0.02036017,0.5408787,30.394203,2384500.0,2340.0,-1.0,0.003932539,10.979999542236328
2024-03-08,RZLV,0.9350162,0.3546049,0.0,0.0,-0.010000229,10.67125,0.018827137,0.5267977,30.188671,2384500.0,785.0,-1.0,0.0032114787,10.979999542236328
2024-03-11,RZLV,0.97094184,0.23931566,0.0,0.0,-0.010000229,10.6749,0.017411487,0.49540922,29.997822,2384500.0,250.0,-1.0,0.003082643,10.979999542236328
2024-03-12,RZLV,0.97094184,0.23931566,0.0,0.0009107677,0.0,10.67855,0.016901677,0.56377184,30.095703,2385000.0,230.0,-1.0,0.0030836132,10.989999771118164
2024-03-13,RZLV,0.97094184,0.23931566,0.0009103532,0.0009107677,0.0,10.68225,0.016309643,0.5711553,30.186594,2385000.0,225.0,-1.0,0.002293193,10.989999771118164
2024-03-14,RZLV,0.97094184,0.23931566,0.0,0.0009107677,0.0,10.6862,0.015659932,0.5498458,30.270992,2385000.0,210.0,-1.0,0.0020340816,10.989999771118164
2024-03-15,RZLV,0.97094184,0.23931566,0.0,0.005459547,0.07000065,10.69035,0.019758798,1.2102963,31.745459,2392200.0,570.0,-1.0,0.002349874,11.050000190734863
2024-03-18,RZLV,0.99270886,0.12053668,0.0054446976,0.010009155,0.12000084,10.6946,0.026733607,1.3108664,36.00206,2413000.0,1585.0,1.8888888,0.0024718738,11.100000381469727
2024-03-19,RZLV,0.99270886,0.12053668,0.0045146975,0.010009155,0.12000084,10.69885,0.031893544,1.1233968,39.954617,2413000.0,1965.0,-0.63461536,0.0024718738,11.100000381469727
2024-03-20,RZLV,0.99270886,0.12053668,0.0,0.0009049981,0.08000088,10.702955,0.032381892,0.8554207,42.958435,2405200.0,2325.0,0.02631579,0.002228563,11.0600004196167
2024-03-21,RZLV,0.99270886,0.12053668,-0.0036101087,-0.008108121,0.030000687,10.70681,0.028406857,0.5318335,45.073982,2334600.0,5825.0,8.051282,0.002117464,11.010000228881836
2024-03-22,RZLV,0.99270886,0.12053668,-0.0045310627,-0.008108121,0.030000687,10.710665,0.024968788,0.5255633,47.038418,2334600.0,5820.0,-1.0,0.002117464,11.010000228881836
2024-03-25,RZLV,1.0,-1.6081226e-16,0.0,0.0,0.08000088,10.71477,0.025979219,0.81009066,48.97154,2337100.0,5910.0,-1.0,0.0023388814,11.0600004196167
2024-03-26,RZLV,1.0,-1.6081226e-16,0.0045310627,0.005449543,0.07999992,10.7189245,0.02727247,0.83169186,50.788483,2343500.0,6230.0,1.56,0.0023411047,11.069999694824219
2024-03-27,RZLV,1.0,-1.6081226e-16,0.0009036851,0.014532229,0.1800003,10.72358,0.035952143,1.1745728,53.12307,2346300.0,6370.0,-0.5625,0.0030353856,11.170000076293945
2024-03-28,RZLV,1.0,-1.6081226e-16,0.008992901,0.0018082734,0.09000015,10.72798,0.035163246,0.73854375,55.854523,2329100.0,7230.0,5.142857,0.003626637,11.079999923706055
2024-04-01,RZLV,0.99270886,-0.12053668,-0.008089946,-0.0009032769,0.010000229,10.73228,0.032549042,0.63215935,58.390873,2326100.0,7375.0,-0.8255814,0.003649288,11.0600004196167
2024-04-02,RZLV,0.99270886,-0.12053668,-0.0018066404,-0.0008952756,0.059999466,10.73708,0.03810711,0.99566895,60.74606,2326300.0,7370.0,-0.93333334,0.004129556,11.15999984741211
2024-04-03,RZLV,0.99270886,-0.12053668,0.0090009095,0.035649862,0.375,10.743455,0.0671557,1.4069545,63.028164,2327700.0,7440.0,6.0,0.0073788576,11.475000381469727
2024-04-04,RZLV,0.99270886,-0.12053668,0.027834846,0.030741338,0.3399992,10.7494545,0.08316629,1.0878392,65.1855,2302900.0,8655.0,16.714285,0.007623624,11.399999618530273
2024-04-05,RZLV,0.99270886,-0.12053668,-0.0065574674,0.0116487555,0.27999973,10.754905,0.08598754,0.8404092,66.36892,2297200.0,8940.0,-0.7701613,0.008044299,11.289999961853027
2024-04-08,RZLV,0.97094184,-0.23931566,-0.009695947,0.032679737,0.84000015,10.762905,0.1318904,1.3224502,67.74208,2312200.0,9675.0,1.6315789,0.013427347,11.850000381469727
2024-04-09,RZLV,0.97094184,-0.23931566,0.048410524,0.0,0.3399992,10.768655,0.13045366,0.7687229,68.72337,2308700.0,9850.0,-0.76666665,0.016370753,11.399999618530273
2024-04-10,RZLV,0.97094184,-0.23931566,-0.038714577,-0.00620015,0.15000057,10.773505,0.11348243,0.5498945,68.252655,2305500.0,9985.0,-0.08571429,0.016848432,11.220000267028809
2024-04-11,RZLV,0.97094184,-0.23931566,-0.015915398,-0.04219409,0.1800003,10.778755,0.10926302,0.6818362,67.96793,2308800.0,10150.0,0.03125,0.017004564,11.350000381469727
2024-04-12,RZLV,0.97094184,-0.23931566,0.011519854,-0.024561381,0.03999996,10.782355,0.08636443,0.40178713,67.59504,2300900.0,10545.0,1.3939394,0.017703628,11.119999885559082
2024-04-15,RZLV,0.9350162,-0.3546049,-0.020472499,0.0053475457,0.21999931,10.786255,0.08020325,0.5811615,67.433716,2302300.0,10255.0,-0.8227848,0.017940024,11.279999732971191
2024-04-16,RZLV,0.9350162,-0.3546049,0.0142859435,-0.015859056,0.010000229,10.789855,0.06568722,0.4427557,66.695984,2250800.0,11790.0,35.785713,0.018083485,11.170000076293945
2024-04-17,RZLV,0.9350162,-0.3546049,-0.009799602,0.0044964203,-0.3050003,10.793455,0.05356569,0.43801087,66.05717,2250800.0,11575.0,-0.9359223,0.018083485,11.170000076293945
2024-04-18,RZLV,0.9350162,-0.3546049,0.0,-0.009751743,-0.22999954,10.797055,0.043458324,0.43015444,65.463974,2250800.0,11190.0,-0.969697,0.01805871,11.170000076293945
2024-04-19,RZLV,0.9350162,-0.3546049,0.0,-0.0035810173,-0.15999985,10.800505,0.031853322,0.3691877,64.65627,2196100.0,10395.0,546.0,0.01804577,11.130000114440918
2024-04-22,RZLV,0.885456,-0.46472317,-0.0035874443,-0.0026857415,-0.71000004,10.804005,0.023195818,0.36986402,64.139595,2291800.0,15180.0,0.74954295,0.018045064,11.140000343322754
2024-04-23,RZLV,0.885456,-0.46472317,0.0008980897,0.008952586,-0.12999916,10.808305,0.026518915,0.52885866,63.793686,2725000.0,36715.0,3.5266457,0.018193869,11.270000457763672
2024-04-24,RZLV,0.885456,-0.46472317,0.011602104,0.033243474,0.27999973,10.813755,0.04716781,0.80682623,63.841484,2770600.0,38675.0,-0.8947368,0.018698692,11.5
2024-04-25,RZLV,0.885456,-0.46472317,0.020202667,0.039497267,0.22999954,10.819605,0.06918996,0.865598,64.01474,2785000.0,39255.0,-0.68421054,0.018663732,11.579999923706055
2024-04-26,RZLV,0.885456,-0.46472317,0.00693243,0.023070032,0.40999985,10.825305,0.08166667,0.7734651,64.17561,2748800.0,40205.0,1.5138888,0.018576534,11.529999732971191
2024-04-29,RZLV,0.82298386,-0.56806475,-0.0043271543,0.018347865,0.4310007,10.83191,0.104949996,0.9397788,64.70365,2830900.0,44160.0,1.2679558,0.018791195,11.711000442504883
2024-04-30,RZLV,0.82298386,-0.56806475,0.015576297,-0.0017270729,0.39000034,10.83776,0.10995033,0.73338014,65.19398,2811600.0,45115.0,-0.76492083,0.019060109,11.5600004196167
2024-05-01,RZLV,0.82298386,-0.56806475,-0.012977709,0.00867306,0.46000004,10.84371,0.11819898,0.7980867,65.87444,2816600.0,45295.0,-0.74093264,0.018069463,11.630000114440918
2024-05-02,RZLV,0.82298386,-0.56806475,0.006037077,-0.0077705192,0.4499998,10.84926,0.12251688,0.76512474,66.50631,2811700.0,44300.0,-0.02,0.017992169,11.619999885559082
2024-05-03,RZLV,0.82298386,-0.56806475,-0.0008602348,0.01643595,0.6199999,10.8553095,0.13487402,0.86408186,67.09304,2822900.0,44575.0,1.2857143,0.01793963,11.75
2024-05-06,RZLV,0.7485108,-0.66312265,0.011125499,0.014789332,0.6619997,10.86172,0.14716665,0.9302483,67.75199,2836700.0,44515.0,0.23214285,0.014079381,11.802000045776367
2024-05-07,RZLV,0.7485108,-0.66312265,0.004415772,0.0025817326,0.37999916,10.86742,0.14299515,0.7451079,68.36387,2823800.0,44985.0,-0.06521739,0.01138806,11.649999618530273
2024-05-08,RZLV,0.7485108,-0.66312265,-0.012962866,-0.005957421,0.1800003,10.87302,0.1404905,0.7502537,67.625656,2832100.0,45240.0,-0.35658914,0.0106682265,11.680000305175781
2024-05-09,RZLV,0.7485108,-0.66312265,0.0025718564,0.015082147,0.39999962,10.88012,0.16085872,0.9764615,68.00532,2908700.0,48905.0,8.228915,0.011742207,11.979999542236328
2024-05-10,RZLV,0.7485108,-0.66312265,0.02536055,-0.020600839,-0.119999886,10.88432,0.1295135,0.42452475,68.35787,2861000.0,50895.0,-0.3772846,0.015537513,11.40999984741211
2024-05-13,RZLV,0.66312265,-0.7485108,-0.048748404,-0.015410985,-0.21100044,10.88897,0.110658854,0.5023576,68.685234,2903700.0,52960.0,-0.1048218,0.015318043,11.5
2024-05-14,RZLV,0.66312265,-0.7485108,0.007856885,-0.048414018,-0.1600008,10.89302,0.08664838,0.3855117,68.77092,2864400.0,52350.0,-0.07962529,0.015280516,11.399999618530273
2024-05-15,RZLV,0.66312265,-0.7485108,-0.008733713,-0.0035056935,-0.26000023,10.89702,0.06445617,0.33595866,68.85048,2833000.0,53755.0,-0.20101781,0.015302092,11.369999885559082
2024-05-16,RZLV,0.66312265,-0.7485108,-0.0026350243,-0.013043446,-0.2699995,10.90127,0.04473917,0.29384452,68.92436,2831500.0,53825.0,-0.9522293,0.015313195,11.350000381469727
2024-05-17,RZLV,0.66312265,-0.7485108,-0.0017605202,0.005263195,-0.28999996,10.90577,0.03755643,0.39184624,68.992966,2861600.0,52595.0,19.066668,0.015395586,11.460000038146973
2024-05-20,RZLV,0.56806475,-0.82298386,0.009644937,0.002638499,-0.40200043,10.90992,0.026714573,0.27466494,69.05666,2831000.0,49340.0,0.016611295,0.015470714,11.399999618530273
2024-05-21,RZLV,0.56806475,-0.82298386,-0.0052493927,0.012070492,-0.16299915,10.914855,0.02485604,0.37454483,69.19025,2847500.0,28505.0,-0.46078432,0.0153537495,11.487000465393066
2024-05-22,RZLV,0.56806475,-0.82298386,0.0076026795,-0.0008726203,-0.2300005,10.919605,0.020165045,0.3230579,69.31428,2847000.0,26250.0,-0.969697,0.014681588,11.449999809265137
2024-05-23,RZLV,0.56806475,-0.82298386,-0.0032262884,0.0043859817,-0.52999973,10.924355,0.016259965,0.3349679,67.989136,2847000.0,26375.0,32.8,0.014587366,11.449999809265137
2024-05-24,RZLV,0.56806475,-0.82298386,0.0,-0.0023505203,0.05000019,10.929155,0.013812867,0.35651517,66.79027,2853800.0,24905.0,-0.5976331,0.014561304,11.460000038146973
2024-05-28,RZLV,0.46472317,-0.885456,0.0008730013,-0.0069868932,-0.13000011,10.9331045,0.0045587155,0.24860372,65.10262,2839500.0,21515.0,1.1029412,0.01415438,11.369999885559082
2024-05-29,RZLV,0.46472317,-0.885456,-0.007884417,-0.0075108726,-0.035999298,10.937275,-0.0032222373,0.26048434,63.61416,2835800.0,20735.0,-0.74125874,0.013892612,11.36400032043457
2024-05-30,RZLV,0.46472317,-0.885456,-0.00052780553,0.0026177778,0.119999886,10.942075,0.00076953357,0.45297045,62.31335,2841000.0,20745.0,0.4054054,0.014067047,11.489999771118164
2024-05-31,RZLV,0.46472317,-0.885456,0.01102658,0.015831161,0.19999981,10.946575,0.008674578,0.5462377,61.346943,2905800.0,23740.0,11.461538,0.014124701,11.550000190734863
2024-06-03,RZLV,0.3546049,-0.9350162,0.0052083815,0.0014079368,-0.07999992,10.949525,0.0012078736,0.3157133,60.040703,2898500.0,23545.0,-0.8873457,0.014212473,11.380000114440918
2024-06-04,RZLV,0.3546049,-0.9350162,-0.014828015,-0.007832912,0.0,10.952575,-0.0030604715,0.36468694,58.985252,2900100.0,22935.0,-0.7808219,0.014166363,11.399999618530273
2024-06-05,RZLV,0.3546049,-0.9350162,0.0017558832,-0.0043290206,0.012999535,10.956125,0.0016074992,0.54814696,58.306156,2913500.0,22960.0,7.375,0.014088894,11.5
2024-06-06,RZLV,0.3546049,-0.9350162,0.008733713,0.00702987,0.010000229,10.959475,0.0020555418,0.4971064,55.886223,2835800.0,26430.0,4.7985077,0.014083201,11.460000038146973
2024-06-07,RZLV,0.3546049,-0.9350162,-0.0034843208,0.0070175375,0.029999733,10.963925,0.0039785495,0.6937067,53.63914,2841700.0,22895.0,-0.9240669,0.012653593,11.479999542236328
2024-06-10,RZLV,0.23931566,-0.97094184,0.0017436364,0.0043478427,0.09000015,10.968725,0.011023938,0.93555117,51.95257,2844500.0,20650.0,-0.5254237,0.006850789,11.550000190734863
2024-06-11,RZLV,0.23931566,-0.97094184,0.0060791024,-0.0052356385,0.029999733,10.9727745,0.0044523412,0.34023902,49.672924,2841800.0,18650.0,-0.035714287,0.0072648674,11.399999618530273
2024-06-12,RZLV,0.23931566,-0.97094184,-0.013072131,-0.006533085,0.040999413,10.97675,-0.00034821423,0.35955665,47.71349,2845700.0,16880.0,0.44444445,0.0069989115,11.404999732971191
2024-06-13,RZLV,0.23931566,-0.97094184,0.00043851038,-0.0073593105,-0.024999619,10.981025,0.0006809932,0.59219337,46.23438,2861500.0,16100.0,3.0512822,0.0070622563,11.46500015258789
2024-06-14,RZLV,0.23931566,-0.97094184,0.0052470975,0.007894751,-0.06000042,10.985425,0.0034738632,0.6805243,44.860924,2908700.0,18385.0,1.9873418,0.0070526325,11.489999771118164
2024-06-17,RZLV,0.12053668,-0.99270886,0.0021781423,0.00043841425,0.029999733,10.989825,-0.0007593392,0.3280357,42.932808,2903700.0,17130.0,-0.8940678,0.006908983,11.40999984741211
2024-06-18,RZLV,0.12053668,-0.99270886,-0.0069869217,0.0013082764,0.07999992,10.994575,0.0015167239,0.62810004,40.631733,2910400.0,15935.0,0.34,0.006940205,11.479999542236328
2024-06-20,RZLV,0.12053668,-0.99270886,0.0061162007,-0.0034812847,-0.05000019,10.999125,0.0008895385,0.49907237,38.617596,2901500.0,15555.0,0.3283582,0.0067517515,11.449999809265137
2024-06-21,RZLV,0.12053668,-0.99270886,-0.0026166376,0.0008764443,-0.03999996,11.002525,-0.0020051245,0.36797163,36.74733,2890100.0,16100.0,0.28089887,0.0067386394,11.420000076293945
2024-06-24,RZLV,-3.2162452e-16,-1.0,-0.0026235024,-0.0034843173,-0.03999996,11.006025,-0.0026547702,0.4622991,35.506973,2913100.0,16405.0,1.0175439,0.0067515033,11.4399995803833
2024-06-25,RZLV,-3.2162452e-16,-1.0,0.0017497384,-0.0017466816,-0.119999886,11.009475,-0.003931161,0.42332393,33.6626,2870800.0,18180.0,0.83913046,0.0067506135,11.430000305175781
2024-06-26,RZLV,-3.2162452e-16,-1.0,-0.0008744448,0.0008756768,0.030000687,11.012925,-0.0048863827,0.40451416,32.46885,2870800.0,17585.0,-0.9432624,0.0065002125,11.430000305175781
2024-06-27,RZLV,-3.2162452e-16,-1.0,0.0,0.0008741459,0.045000076,11.016425,-0.0039836885,0.4789374,31.360369,2871200.0,17420.0,-0.8333333,0.0065052034,11.449999809265137
2024-06-28,RZLV,-3.2162452e-16,-1.0,0.0017482089,0.0008748272,-0.025000572,11.019875,-0.0040287906,0.43855974,29.406979,2867000.0,17370.0,9.5,0.0060009304,11.4399995803833
2024-07-01,RZLV,-0.12053668,-0.99270886,-0.00087376405,0.0008748272,-0.05000019,11.023325,-0.0040182145,0.46311787,27.593117,2867000.0,14130.0,-1.0,0.005864622,11.4399995803833
2024-07-02,RZLV,-0.12053668,-0.99270886,0.0,-0.00087338244,0.029999733,11.026775,-0.0039641373,0.4402342,25.908815,2867000.0,13765.0,-1.0,0.0048101377,11.4399995803833
2024-07-03,RZLV,-0.12053668,-0.99270886,0.0,0.005244792,0.020000458,11.030525,0.0009097649,0.80717784,24.57285,2867400.0,13705.0,-1.0,0.0049284957,11.5
2024-07-05,RZLV,-0.12053668,-0.99270886,0.005231086,0.0008741459,0.0,11.034275,0.0007293623,0.48953646,23.332312,2867200.0,13045.0,-0.5,0.004626159,11.449999809265137
2024-07-08,RZLV,-0.23931566,-0.97094184,-0.004357322,-0.0013111355,0.0050001144,11.0379,-0.0014145622,0.32933524,22.180382,2866700.0,9185.0,1.5,0.0045868712,11.425000190734863
2024-07-09,RZLV,-0.23931566,-0.97094184,-0.0021857598,-0.008695685,-0.03999996,11.0414,-0.0050725024,0.19207503,21.123468,2866100.0,8920.0,0.2,0.0045859823,11.399999618530273
2024-07-10,RZLV,-0.23931566,-0.97094184,-0.0021906316,0.004366829,0.069999695,11.0454,9.663477e-05,0.95886064,20.390963,2993500.0,15150.0,211.33333,0.004816739,11.5
2024-07-11,RZLV,-0.23931566,-0.97094184,0.008733713,0.0048139477,0.049999237,11.0493,0.002549949,0.7711461,19.71078,2893300.0,20025.0,-0.21350078,0.0037939323,11.479999542236328
2024-07-12,RZLV,-0.23931566,-0.97094184,-0.0017406844,0.017543927,0.15000057,11.0538,0.014015719,1.3104551,20.54338,2996000.0,24965.0,0.0249501,0.0044152997,11.600000381469727
2024-07-15,RZLV,-0.3546049,-0.9350162,0.01039878,0.04086959,0.5300007,11.06015,0.05235481,1.4915812,23.944849,3183000.0,33525.0,0.8208374,0.008204538,11.970000267028809
2024-07-16,RZLV,-0.3546049,-0.9350162,0.03139841,0.023519205,0.31000042,11.0654,0.06424604,0.96554965,27.103354,3164800.0,32075.0,-0.9026738,0.0094057545,11.75
2024-07-17,RZLV,-0.3546049,-0.9350162,-0.018550301,-0.01896554,-0.059999466,11.0688,0.04331473,0.29384843,26.71634,3070200.0,36555.0,4.197802,0.011811844,11.380000114440918
2024-07-18,RZLV,-0.3546049,-0.9350162,-0.031995803,-0.045530498,-0.07499981,11.072425,0.030011684,0.38110605,26.356968,3118400.0,38630.0,-0.49048626,0.011761557,11.425000190734863
2024-07-19,RZLV,-0.3546049,-0.9350162,0.003946515,-0.030638268,-0.059999466,11.075875,0.016455047,0.3254385,25.771597,3049400.0,41635.0,0.43153527,0.0117669,11.390000343322754
2024-07-22,RZLV,-0.46472317,-0.885456,-0.0030681458,-0.0026361803,-0.07499981,11.079125,0.0024553472,0.2648349,25.228039,3033700.0,41850.0,-0.77246374,0.01177825,11.350000381469727
2024-07-23,RZLV,-0.46472317,-0.885456,-0.00351803,-0.010940919,-0.09999943,11.082125,-0.012529679,0.20136844,24.31855,2967200.0,44025.0,3.235669,0.011803854,11.300000190734863
2024-07-24,RZLV,-0.46472317,-0.885456,-0.004415035,-0.003511849,-0.14999962,11.085075,-0.020138675,0.29552713,22.8372,3022500.0,44675.0,-0.16842106,0.011855534,11.350000381469727
2024-07-25,RZLV,-0.46472317,-0.885456,0.004415035,0.0008809934,-0.119999886,11.088075,-0.025072977,0.32009482,21.46166,3043800.0,45620.0,-0.6148282,0.011858283,11.359999656677246
2024-07-26,RZLV,-0.46472317,-0.885456,0.00088060554,-0.15486725,-2.0500002,11.082325,-0.17304057,-0.50071716,24.331758,3024700.0,46555.0,-0.103286386,0.037473004,9.550000190734863
2024-07-29,RZLV,-0.56806475,-0.82298386,-0.1735572,-0.22819383,-3.21,11.07263,-0.35001758,-0.33737403,27.65931,3001800.0,47490.0,0.19895288,0.040929865,8.760000228881836
2024-07-30,RZLV,-0.56806475,-0.82298386,-0.08634524,-0.19806339,-2.6400003,11.06483,-0.45676577,-0.07345517,30.325903,3021000.0,48450.0,-0.16157205,0.042510778,9.109999656677246
2024-07-31,RZLV,-0.56806475,-0.82298386,0.039176743,-0.13193719,-3.0900002,11.05313,-0.60060817,-0.12063486,33.15602,3016600.0,48670.0,-0.7708333,0.04597641,8.289999961853027
2024-08-01,RZLV,-0.56806475,-0.82298386,-0.09432271,0.19292232,-0.9750004,11.05193,-0.534153,0.3921347,31.00835,3122600.0,53950.0,23.09091,0.07690317,10.449999809265137
2024-08-02,RZLV,-0.56806475,-0.82298386,0.23155199,0.1569704,-0.8500004,11.05103,-0.46882027,0.4232722,29.014088,3131600.0,54390.0,-0.9150943,0.07693805,10.539999961853027
2024-08-05,RZLV,-0.66312265,-0.7485108,0.008575579,0.3268999,-0.35000038,11.05258,-0.3755958,0.5357543,27.289778,3161500.0,55860.0,2.3222222,0.07759546,11.0
2024-08-06,RZLV,-0.66312265,-0.7485108,0.042717732,0.3263158,2.5599995,11.06843,-0.07012829,1.0748476,27.975227,3263300.0,60920.0,2.4046822,0.09682611,13.859999656677246
2024-08-07,RZLV,-0.66312265,-0.7485108,0.23111169,0.0056926394,-0.75,11.06798,-0.09005963,0.4349898,28.287415,3233700.0,56030.0,-0.7092338,0.11173168,10.600000381469727
2024-08-08,RZLV,-0.66312265,-0.7485108,-0.26815292,-0.06363635,-1.0599995,11.06603,-0.12858066,0.3869211,27.432596,3145000.0,55455.0,1.9966216,0.111932725,10.300000190734863
2024-08-09,RZLV,-0.66312265,-0.7485108,-0.028710123,-0.17821063,1.8400002,11.06953,-0.070344076,0.6069729,25.890305,3208000.0,53470.0,-0.2897407,0.11438827,11.390000343322754
2024-08-12,RZLV,-0.7485108,-0.66312265,0.10059189,-0.113207616,0.6399994,11.06308,-0.18266198,0.23633675,24.458176,3188100.0,45115.0,-0.684127,0.12098653,9.399999618530273
2024-08-13,RZLV,-0.7485108,-0.66312265,-0.19202615,-0.014563162,1.04,11.06038,-0.20874965,0.39975053,23.58375,3252000.0,47400.0,2.2110553,0.12240515,10.149999618530273
2024-08-14,RZLV,-0.7485108,-0.66312265,0.07676402,-0.016681345,2.9099998,11.06298,-0.1430491,0.61349076,22.771784,3298100.0,44975.0,-0.27856025,0.124297194,11.199999809265137
2024-08-15,RZLV,-0.7485108,-0.66312265,0.098440096,0.037234083,-0.6999998,11.05848,-0.20561363,0.33730826,22.017815,3260600.0,44440.0,-0.18655097,0.12796655,9.75
2024-08-16,RZLV,-0.7485108,-0.66312265,-0.13864648,0.003940883,-0.35000038,11.05603,-0.21718857,0.43767345,21.273067,3454800.0,50700.0,4.1786666,0.12836252,10.1899995803833
2024-08-19,RZLV,-0.82298386,-0.56806475,0.04413952,-0.26785713,-2.8000002,11.0435295,-0.38252857,0.09127252,20.03915,3406400.0,52335.0,-0.7507724,0.13576365,8.199999809265137
2024-08-20,RZLV,-0.82298386,-0.56806475,-0.21727267,-0.17435895,-5.8099995,11.03028,-0.51967496,0.115417115,19.19169,3365600.0,51050.0,-0.1570248,0.13578326,8.050000190734863
2024-08-21,RZLV,-0.82298386,-0.56806475,-0.018462015,-0.13248278,-1.7600002,11.02098,-0.55818367,0.28136542,19.390936,3582800.0,59145.0,4.3235292,0.13783789,8.84000015258789
2024-08-22,RZLV,-0.82298386,-0.56806475,0.09361478,0.25731716,0.010000229,11.01903,-0.46472827,0.5579549,19.57595,3821400.0,70010.0,0.0985267,0.14297296,10.3100004196167
2024-08-23,RZLV,-0.82298386,-0.56806475,0.15382744,0.2484472,-1.3400002,11.0157795,-0.40695292,0.50520027,19.297995,3756000.0,72325.0,-0.72590107,0.13792056,10.050000190734863
2024-08-26,RZLV,-0.885456,-0.46472317,-0.025541686,0.13687783,0.6500006,11.01278,-0.3570497,0.49305,19.039892,3756000.0,74855.0,0.123853214,0.13617209,10.050000190734863
2024-08-27,RZLV,-0.885456,-0.46472317,0.0,-0.1367605,-1.25,11.00373,-0.40562072,0.2776052,17.767546,3688900.0,77250.0,-0.08707483,0.13907225,8.899999618530273
2024-08-28,RZLV,-0.885456,-0.46472317,-0.12152142,-0.21492541,-3.31,10.98943,-0.51962227,0.099800736,17.433533,3634900.0,79730.0,-0.195231,0.14003879,7.889999866485596
2024-08-29,RZLV,-0.885456,-0.46472317,-0.120455116,-0.27462688,-2.46,10.97213,-0.65088135,0.060325537,17.123379,3594300.0,76460.0,-0.24814814,0.12761945,7.289999961853027
2024-08-30,RZLV,-0.885456,-0.46472317,-0.07909258,-0.013483134,-1.4099998,10.96228,-0.6274418,0.3277574,16.333227,3646000.0,78595.0,0.27339903,0.13633154,8.779999732971191
2024-09-03,RZLV,-0.9350162,-0.3546049,0.18597284,0.102661595,0.5,10.95203,-0.608309,0.3327246,15.22403,3612400.0,78780.0,-0.3500967,0.13594863,8.699999809265137
2024-09-04,RZLV,-0.9350162,-0.3546049,-0.009153374,0.1659808,0.4499998,10.940905,-0.6023409,0.29657876,14.1685295,3593800.0,74620.0,-0.44642857,0.12106599,8.5
2024-09-05,RZLV,-0.9350162,-0.3546049,-0.02325684,-0.009111609,-0.14000034,10.930655,-0.5748464,0.35832965,13.188423,3652900.0,76095.0,2.1774194,0.10982061,8.699999809265137
2024-09-06,RZLV,-0.9350162,-0.3546049,0.02325684,0.06896556,-1.0100002,10.923405,-0.4988909,0.5041219,12.87914,3695200.0,73775.0,-0.28426397,0.11083865,9.300000190734863
2024-09-09,RZLV,-0.97094184,-0.23931566,0.06669141,-0.1082353,-2.4700003,10.9074545,-0.57090425,0.13508783,12.315958,3567000.0,77035.0,2.0307329,0.115320235,7.579999923706055
2024-09-10,RZLV,-0.97094184,-0.23931566,-0.20450123,-0.19540228,-3.0500002,10.888705,-0.6670867,0.06475892,12.367949,3515700.0,78605.0,-0.599844,0.110075936,7.0
2024-09-11,RZLV,-0.97094184,-0.23931566,-0.07960304,-0.28817207,-2.2799997,10.868155,-0.7651546,0.05114232,12.690582,3501100.0,76140.0,-0.7153996,0.10846744,6.619999885559082
2024-09-12,RZLV,-0.97094184,-0.23931566,-0.055814795,-0.1411609,-1.3799996,10.846855,-0.84204364,0.06362547,13.172657,3466900.0,75545.0,1.3424658,0.10479757,6.510000228881836
2024-09-13,RZLV,-0.97094184,-0.23931566,-0.016755862,-0.09571429,-0.96000004,10.824655,-0.9070474,0.08464381,13.620298,3442200.0,74905.0,-0.2777778,0.101704895,6.329999923706055
2024-09-16,RZLV,-0.99270886,-0.12053668,-0.028039267,-0.14108762,-3.0939999,10.799435,-0.9990127,0.024426956,14.98477,3404600.0,67075.0,0.5222672,0.102327086,5.685999870300293
2024-09-17,RZLV,-0.99270886,-0.12053668,-0.10729323,-0.20890938,-3.5499997,10.7715845,-1.1024384,0.012174116,15.029777,3040300.0,82870.0,8.688829,0.09569286,5.150000095367432
2024-09-18,RZLV,-0.99270886,-0.12053668,-0.09901026,-0.24960504,-3.75,10.741435,-1.2028154,0.027273724,15.244275,2981200.0,83785.0,-0.83777106,0.09659593,4.75
2024-09-19,RZLV,-0.99270886,-0.12053668,-0.08085211,0.23109394,-1.6999998,10.722535,-1.0882639,0.38428074,16.276445,10585800.0,453155.0,127.67343,0.14532442,7.0
2024-09-20,RZLV,-0.99270886,-0.12053668,0.38776553,0.23495147,-2.94,10.700435,-1.0371677,0.3058453,17.23489,10164100.0,462310.0,-0.9445467,0.14089061,6.360000133514404
2024-09-23,RZLV,-1.0,-1.8369701e-16,-0.09588175,0.16421057,-2.0499997,10.674185,-1.0515264,0.19723652,17.70354,10002100.0,467140.0,-0.6158407,0.14320923,5.53000020980835
2024-09-24,RZLV,-1.0,-1.8369701e-16,-0.13984054,-0.29714283,-2.08,10.645035,-1.0994538,0.12467469,17.657341,9827400.0,472200.0,0.07839506,0.14447418,4.920000076293945
2024-09-25,RZLV,-1.0,-1.8369701e-16,-0.11687931,0.18238991,0.9000001,10.628635,-0.91706705,0.59350294,18.691753,13000900.0,627520.0,17.165426,0.18865915,7.519999980926514
2024-09-26,RZLV,-1.0,-1.8369701e-16,0.42425758,0.30741405,0.7199998,10.610785,-0.7868544,0.54726803,19.960245,12288400.0,660445.0,-0.7754845,0.18690641,7.230000019073486
2024-09-27,RZLV,-1.0,-1.8369701e-16,-0.039327096,0.5,1.0500002,10.593735,-0.6639031,0.57393986,21.13813,12507800.0,669385.0,-0.6920702,0.18582974,7.380000114440918
2024-09-30,RZLV,-0.99270886,0.12053668,0.020534616,-0.10771276,1.0240002,10.573335,-0.61345524,0.46836254,21.847748,12381400.0,673120.0,-0.42388332,0.18159968,6.710000038146973
2024-10-01,RZLV,-0.99270886,0.12053668,-0.0951747,-0.084370695,1.4699998,10.552585,-0.5741191,0.4693385,22.118027,12339400.0,673540.0,-0.6677215,0.18161283,6.619999885559082
2024-10-02,RZLV,-0.99270886,0.12053668,-0.013503604,-0.07588075,2.0700002,10.532985,-0.52080303,0.52912474,22.369,12382900.0,674785.0,0.035714287,0.18166058,6.820000171661377
2024-10-03,RZLV,-0.99270886,0.12053668,0.029764144,0.07004468,0.17999983,10.515185,-0.44437826,0.63468385,23.547274,17762100.0,940790.0,122.65977,0.18196192,7.179999828338623
2024-10-04,RZLV,-0.99270886,0.12053668,0.051439863,0.043806642,0.5499997,10.496035,-0.40097558,0.6228873,24.565035,17204300.0,966565.0,-0.8963043,0.18149781,6.909999847412109
2024-10-07,RZLV,-0.97094184,0.23931566,-0.038329743,0.005865097,1.3299999,10.476635,-0.3663897,0.6236928,25.5101,16927500.0,973995.0,-0.5037648,0.17634805,6.860000133514404
2024-10-08,RZLV,-0.97094184,0.23931566,-0.0072621545,-0.037604455,1.9899998,10.457485,-0.33112854,0.6408089,26.729641,18063900.0,1028250.0,3.1054914,0.17525478,6.909999847412109
2024-10-09,RZLV,-0.97094184,0.23931566,0.0072621545,0.02749639,-0.42000008,10.439385,-0.284572,0.68877697,27.862074,18384500.0,1043550.0,-0.717881,0.17460285,7.099999904632568
2024-10-10,RZLV,-0.97094184,0.23931566,0.027125156,0.02915449,-0.17000008,10.421085,-0.24804401,0.6663582,28.913618,18218900.0,1050120.0,-0.4834685,0.17451495,7.059999942779541
2024-10-11,RZLV,-0.97094184,0.23931566,-0.0056497273,-0.0057887067,-0.5100002,10.401835,-0.2317552,0.6013967,29.491613,18028900.0,1058385.0,0.147343,0.17450538,6.869999885559082
2024-10-14,RZLV,-0.9350162,0.3546049,-0.027280955,-0.043661963,0.07999992,10.382185,-0.22273397,0.56293696,30.028322,17935800.0,1061160.0,-0.51,0.17246439,6.789999961853027
2024-10-15,RZLV,-0.9350162,0.3546049,-0.011713154,-0.05382438,0.059999943,10.361985,-0.22190273,0.5066874,30.170162,17832400.0,1048115.0,0.11063373,0.17060998,6.679999828338623
2024-10-16,RZLV,-0.9350162,0.3546049,-0.016332975,-0.11644828,-0.75,10.338485,-0.2673836,0.23421595,29.900423,17669700.0,1053295.0,0.573501,0.17106529,6.070000171661377
2024-10-17,RZLV,-0.9350162,0.3546049,-0.09575933,-0.1546392,-1.44,10.313085,-0.32629448,0.14553644,29.122644,17479900.0,682555.0,0.16656423,0.1348317,5.739999771118164
2024-10-18,RZLV,-0.9350162,0.3546049,-0.055899464,-0.2095808,-1.6299996,10.285335,-0.40542638,0.037714455,27.94914,17204800.0,675225.0,0.44942045,0.1344649,5.28000020980835
2024-10-21,RZLV,-0.885456,0.46472317,-0.083533034,-0.108731516,-1.4500003,10.258185,-0.45243374,0.09066784,26.859459,17279500.0,670860.0,-0.7284624,0.13111795,5.409999847412109
2024-10-22,RZLV,-0.885456,0.46472317,0.024322927,-0.10627172,-1.7799997,10.229635,-0.5064431,-0.026661431,25.67029,17178000.0,667200.0,0.3587684,0.12903623,5.130000114440918
2024-10-23,RZLV,-0.885456,0.46472317,-0.053143382,-0.053030342,-2.1,10.200385,-0.553357,0.008712024,24.35995,17085500.0,513150.0,-0.08866995,0.04077809,5.0
2024-10-24,RZLV,-0.885456,0.46472317,-0.02566777,-0.057301287,-1.96,10.171585,-0.57582974,0.09758351,23.106508,17154100.0,480955.0,-0.2583784,0.041426178,5.099999904632568
2024-10-25,RZLV,-0.885456,0.46472317,0.01980261,-0.009746626,-1.79,10.142485,-0.5884698,0.13391212,22.14898,17065600.0,474410.0,0.29008746,0.04061946,5.079999923706055
2024-10-28,RZLV,-0.82298386,0.56806475,-0.0039292746,0.0,-1.79,10.112985,-0.59804857,0.15273334,21.033978,16955500.0,473595.0,0.2440678,0.0367986,5.0
2024-10-29,RZLV,-0.82298386,0.56806475,-0.015873333,-0.027450955,-1.7199998,10.083285,-0.6019288,0.1786734,19.925508,16847800.0,476880.0,-0.021798365,0.036822587,4.960000038146973
2024-10-30,RZLV,-0.82298386,0.56806475,-0.008032164,-0.03543304,-1.1700001,10.053385,-0.6028956,0.19618237,18.896215,16798600.0,477165.0,-0.54317546,0.035354946,4.900000095367432
2024-10-31,RZLV,-0.82298386,0.56806475,-0.012170523,-0.01999998,-0.8399997,10.023435,-0.59678245,0.22374514,18.058655,16798600.0,210525.0,-0.05691057,0.031753346,4.900000095367432
2024-11-01,RZLV,-0.82298386,0.56806475,0.0,-0.092741944,-0.7800002,9.991485,-0.61710083,0.15224253,16.840157,16724800.0,186325.0,0.5905172,0.03455553,4.5
2024-11-04,RZLV,-0.7485108,0.66312265,-0.08515783,-0.14693883,-1.23,9.957935,-0.6515144,0.112862356,16.115175,16648000.0,176325.0,0.040650405,0.036166962,4.179999828338623
2024-11-05,RZLV,-0.7485108,0.66312265,-0.073766194,-0.093877554,-0.69000006,9.925635,-0.6503112,0.2105738,15.46727,16691300.0,121670.0,-0.4361979,0.040480092,4.440000057220459
2024-11-06,RZLV,-0.7485108,0.66312265,0.060343184,-0.008888881,-0.53999996,9.893425,-0.6403621,0.23687403,14.511742,16752700.0,108710.0,0.41801387,0.039338484,4.460000038146973
2024-11-07,RZLV,-0.7485108,0.66312265,0.0044943853,0.07416267,-0.61000013,9.861375,-0.6228765,0.26188025,13.624466,16785900.0,102090.0,-0.45928338,0.0397082,4.489999771118164
2024-11-08,RZLV,-0.7485108,0.66312265,0.0067038764,0.0,-0.63999987,9.829075,-0.60606724,0.26063958,12.992727,16741900.0,94790.0,0.3253012,0.039753933,4.440000057220459
2024-11-11,RZLV,-0.66312265,0.7485108,-0.011198262,-0.03363231,-0.69000006,9.796125,-0.5963612,0.22206734,12.639336,16651300.0,94665.0,1.0590909,0.03973533,4.309999942779541
2024-11-12,RZLV,-0.66312265,0.7485108,-0.0297165,-0.046770506,-0.6799998,9.763075,-0.5843538,0.20039502,12.815063,16544300.0,94845.0,0.18101545,0.039856162,4.28000020980835
2024-11-13,RZLV,-0.66312265,0.7485108,-0.006984832,-0.10135136,-0.9100001,9.728575,-0.5914209,0.06942703,12.224222,16337400.0,97055.0,0.93364483,0.03797984,3.990000009536743
2024-11-14,RZLV,-0.66312265,0.7485108,-0.07016183,-0.19953594,-1.45,9.691375,-0.6332949,-0.118989505,12.436977,16204400.0,94215.0,-0.35717738,0.045416985,3.450000047683716
2024-11-15,RZLV,-0.66312265,0.7485108,-0.14541699,-0.36214957,-1.77,9.650575,-0.716321,-0.21371803,13.769115,15885600.0,96400.0,1.3969924,0.060392596,2.7300000190734863
2024-11-18,RZLV,-0.56806475,0.82298386,-0.23407263,-0.33583957,-1.5299997,9.609225,-0.77958846,-0.10177671,15.006101,15792600.0,97315.0,-0.70828104,0.05898789,2.6500000953674316
2024-11-19,RZLV,-0.56806475,0.82298386,-0.029741941,-0.2550725,-1.8700001,9.567525,-0.8266546,-0.023967132,16.471663,15550800.0,104330.0,1.6,0.058828358,2.569999933242798
2024-11-20,RZLV,-0.56806475,0.82298386,-0.030653803,-0.26373628,-2.45,9.522875,-0.8987816,-0.06387741,18.369139,6021100.0,576190.0,38.411495,0.07194865,2.009999990463257
2024-11-21,RZLV,-0.56806475,0.82298386,-0.24577115,-0.34339625,-2.7499998,9.476325,-0.96658725,-0.028855082,20.396742,4658500.0,640890.0,-0.85701543,0.0732381,1.7400000095367432
2024-11-22,RZLV,-0.56806475,0.82298386,-0.1442496,-0.29182875,-2.62,9.430725,-1.0023143,0.057561103,22.33803,7303600.0,768720.0,0.94121534,0.07568159,1.8200000524520874
2024-11-25,RZLV,-0.46472317,0.885456,0.044951413,0.089552276,-2.12,9.387175,-0.9893676,0.17696305,22.906979,9315100.0,863790.0,-0.23953725,0.0940606,2.190000057220459
2024-11-26,RZLV,-0.46472317,0.885456,0.18506505,0.28735632,-2.0400002,9.343875,-0.9639607,0.21754855,22.651907,11314700.0,958385.0,-0.005915983,0.0947943,2.240000009536743
2024-11-27,RZLV,-0.46472317,0.885456,0.0225743,0.2142857,-1.78,9.299925,-0.93546283,0.23754217,22.530573,10685700.0,987375.0,-0.6854371,0.09477862,2.2100000381469727
2024-11-29,RZLV,-0.46472317,0.885456,-0.013483337,-0.03196355,-1.3300002,9.2557745,-0.90965444,0.24240719,22.569574,10183000.0,1010190.0,-0.2007949,0.09443356,2.119999885559082
2024-12-02,RZLV,-0.3546049,0.9350162,-0.041576497,0.11160714,-0.24000001,9.213475,-0.84955204,0.3462843,21.456638,12558500.0,1125275.0,3.7254825,0.104807585,2.490000009536743
2024-12-03,RZLV,-0.3546049,0.9350162,0.16086668,0.040723942,-0.35000014,9.170075,-0.8079385,0.32126918,20.423199,11897500.0,1154485.0,-0.7217428,0.10493734,2.299999952316284
2024-12-04,RZLV,-0.3546049,0.9350162,-0.07937361,0.08018872,-0.27999997,9.126625,-0.7669257,0.33823785,19.501724,11278100.0,1183290.0,-0.06293495,0.10309703,2.2899999618530273
2024-12-05,RZLV,-0.3546049,0.9350162,-0.004357301,-0.14859442,0.109999895,9.081975,-0.73961455,0.31553626,18.882385,9728400.0,1257705.0,1.5019374,0.10331818,2.119999885559082
2024-12-06,RZLV,-0.3546049,0.9350162,-0.077135764,-0.20434779,0.09000003,9.036175,-0.7329222,0.25867966,18.797997,7998500.0,1342540.0,0.11628057,0.10549716,1.8300000429153442
2024-12-09,RZLV,-0.23931566,0.97094184,-0.14710005,-0.14847158,0.13,8.990975,-0.7097538,0.3084133,18.121546,12742500.0,1577540.0,1.7423551,0.107911296,1.9500000476837158
2024-12-10,RZLV,-0.23931566,0.97094184,0.063513406,-0.08962262,-0.2600001,8.945675,-0.685109,0.3156858,17.674288,8497400.0,1785265.0,-0.105164416,0.108045034,1.9299999475479126
2024-12-11,RZLV,-0.23931566,0.97094184,-0.010309421,0.08743168,-0.25,8.900675,-0.65320665,0.34661254,17.131592,68636100.0,4786850.0,13.1666155,0.10887274,1.9900000095367432
2024-12-12,RZLV,-0.23931566,0.97094184,0.030614669,0.061538402,-0.1400001,8.856075,-0.61438614,0.3961984,16.627659,88089600.0,5749180.0,-0.6765228,0.10967022,2.069999933242798
2024-12-13,RZLV,-0.23931566,0.97094184,0.039413933,0.031088116,-0.12999988,8.811075,-0.58335143,0.3458125,15.922157,79314200.0,6181300.0,-0.5489038,0.106707074,1.9900000095367432
2024-12-16,RZLV,-0.12053668,0.99270886,-0.039413933,0.07035181,-0.3599999,8.766825,-0.54122055,0.4979572,15.267048,87948900.0,6597095.0,-0.016033458,0.09891198,2.130000114440918
2024-12-17,RZLV,-0.12053668,0.99270886,0.06798739,0.58937204,0.99,8.728375,-0.40950862,1.329097,17.277534,160478400.0,10218920.0,7.3997707,0.15793192,3.2899999618530273
2024-12-18,RZLV,-0.12053668,0.99270886,0.43476552,0.8844221,1.46,8.692225,-0.2649536,1.2869422,19.419575,205375700.0,12451695.0,-0.38097876,0.15959437,3.75
2024-12-19,RZLV,-0.12053668,0.99270886,0.13086829,0.42722994,0.9200001,8.652525,-0.20531702,0.8715643,20.199688,192316100.0,12628190.0,-0.70912284,0.15737554,3.0399999618530273
2024-12-20,RZLV,-0.12053668,0.99270886,-0.20989834,-0.10030393,1.13,8.612425,-0.16263516,0.799876,20.33205,179788300.0,13186450.0,-0.040721003,0.15320154,2.9600000381469727
2024-12-23,RZLV,6.4324905e-16,1.0,-0.02666822,-0.13866666,1.28,8.573675,-0.10580311,0.87995255,20.621986,190874500.0,13608505.0,-0.11507208,0.15368366,3.2300000190734863
2024-12-24,RZLV,6.4324905e-16,1.0,0.087292865,0.17105263,1.63,8.536575,-0.03374606,0.9544127,21.429768,217292100.0,14828810.0,1.3829265,0.1495908,3.559999942779541
2024-12-26,RZLV,6.4324905e-16,1.0,0.09727839,0.56081074,2.6299999,8.504725,0.10765187,1.1645906,23.167933,257577700.0,16743110.0,0.52495307,0.16076326,4.619999885559082
2024-12-27,RZLV,6.4324905e-16,1.0,0.26063415,0.42414856,2.53,8.472775,0.21561147,1.0375241,25.121237,217883400.0,18696376.0,-0.0146777015,0.16059572,4.599999904632568
2024-12-30,RZLV,0.12053668,0.99270886,-0.0043383976,0.32584265,2.7299998,8.441425,0.30731073,0.9824702,26.332012,236880300.0,19621084.0,-0.52141994,0.15934741,4.71999979019165
2024-12-31,RZLV,0.12053668,0.99270886,0.025752472,-0.17316017,1.6899998,8.405275,0.30385792,0.72935474,26.904284,221103100.0,20291170.0,-0.16948555,0.16527864,3.819999933242798
2025-01-02,RZLV,0.12053668,0.99270886,-0.21155836,-0.11086951,0.8000002,8.370225,0.31922844,0.76870483,27.435677,232555000.0,20830716.0,-0.27414876,0.1634256,4.090000152587891
2025-01-03,RZLV,0.12053668,0.99270886,0.0682946,-0.08474568,0.5700002,8.336325,0.3459805,0.7927058,28.15354,246031900.0,21473590.0,0.17682655,0.16311702,4.320000171661377
2025-01-06,RZLV,0.23931566,0.97094184,0.054710433,0.060209494,1.0100002,8.301275,0.34145886,0.7059712,28.715376,233566700.0,22019364.0,-0.07506919,0.16269265,4.050000190734863
2025-01-07,RZLV,0.23931566,0.97094184,-0.064538516,-0.09046458,0.76,8.264825,0.30770016,0.60829157,28.589193,224348400.0,22393784.0,-0.26047716,0.1599067,3.7200000286102295
2025-01-08,RZLV,0.23931566,0.97094184,-0.08499325,-0.31250003,-0.26,8.224625,0.21791545,0.4010962,27.258657,211500900.0,22798960.0,0.39369515,0.1691339,2.9700000286102295
2025-01-10,RZLV,0.23931566,0.97094184,-0.22516172,-0.20740743,-0.3499999,8.185375,0.16423322,0.4443112,26.023159,217034500.0,22863384.0,-0.56928587,0.16912673,3.2100000381469727
2025-01-13,RZLV,0.3546049,0.9350162,0.07770899,-0.3548387,-2.2199998,8.142025,0.055687517,0.19855237,24.319963,207825000.0,20316924.0,0.66428727,0.18116492,2.4000000953674316
2025-01-14,RZLV,0.3546049,0.9350162,-0.29080218,-0.22222225,-2.29,8.097725,-0.037169527,0.16119899,22.94195,199613300.0,19754836.0,-0.108344644,0.18162352,2.309999942779541
2025-01-15,RZLV,0.3546049,0.9350162,-0.038221277,-0.24922116,-2.3099997,8.054375,-0.10151997,0.17156425,21.345171,206309100.0,19650856.0,-0.18460245,0.18116048,2.4100000858306885
2025-01-16,RZLV,0.3546049,0.9350162,0.042379282,0.2541666,-0.80999994,8.014125,-0.10291682,0.33412123,20.44981,225224300.0,20164880.0,1.8249351,0.18785253,3.009999990463257
2025-01-17,RZLV,0.3546049,0.9350162,0.2223133,0.22943722,-1.2500002,7.972525,-0.11639964,0.2884248,19.618404,218291700.0,16885036.0,-0.6334905,0.14480847,2.8399999141693115
2025-01-21,RZLV,0.46472317,0.885456,-0.058136053,0.1867219,-1.4600003,7.92945,-0.12404117,0.31204662,18.797733,226166100.0,15033890.0,0.1358509,0.1411909,2.859999895095825
2025-01-22,RZLV,0.46472317,0.885456,0.0070175664,0.04983392,-0.8900001,7.88825,-0.10468291,0.40747702,18.631016,250123500.0,15578780.0,2.0424414,0.136091,3.1600000858306885
2025-01-23,RZLV,0.46472317,0.885456,0.09975047,0.073943675,-0.6700001,7.84705,-0.09709815,0.36957678,18.245548,244154000.0,15250865.0,-0.75082856,0.1362261,3.049999952316284
2025-01-24,RZLV,0.46472317,0.885456,-0.03543048,0.0034965002,-0.10000014,7.80215,-0.10440812,0.31870744,18.102642,236860700.0,15061220.0,0.22176062,0.13567443,2.869999885559082
2025-01-27,RZLV,0.56806475,0.82298386,-0.060829584,-0.16455695,-0.56999993,7.75835,-0.12729304,0.26487732,17.290653,231162900.0,14025230.0,-0.21876243,0.13477238,2.640000104904175
2025-01-28,RZLV,0.56806475,0.82298386,-0.083533034,-0.16065574,0.15999985,7.71505,-0.15015396,0.2612123,16.29537,226857700.0,12226210.0,-0.24441013,0.11422136,2.559999942779541
2025-01-29,RZLV,0.56806475,0.82298386,-0.030771721,-0.14285709,0.1500001,7.6706,-0.17433098,0.24793136,15.155389,222304700.0,10469145.0,0.0575583,0.11419203,2.4600000381469727
2025-01-30,RZLV,0.56806475,0.82298386,-0.03984587,-0.03030309,0.14999986,7.6278,-0.18330921,0.29564115,14.092734,224963900.0,9652260.0,-0.41594553,0.114576675,2.559999942779541
2025-01-31,RZLV,0.56806475,0.82298386,0.03984587,-0.023437478,-0.51,7.5839,-0.19304077,0.29322037,13.333149,220807200.0,9071235.0,0.5631393,0.10763918,2.5
2025-02-03,RZLV,0.66312265,0.7485108,-0.023716504,-0.07317076,-0.55999994,7.53945,-0.21601517,0.2223377,12.824038,216671400.0,8705430.0,-0.005028027,0.106812544,2.2799999713897705
2025-02-04,RZLV,0.66312265,0.7485108,-0.0921153,-0.04296871,-0.40999985,7.49585,-0.21799208,0.30422288,12.029813,221483100.0,8272170.0,0.16342667,0.107605904,2.450000047683716
2025-02-05,RZLV,0.66312265,0.7485108,0.07191262,0.06000004,-0.51,7.45325,-0.2011023,0.4347567,11.486266,226927400.0,7921125.0,0.1314712,0.10958188,2.6500000953674316
2025-02-06,RZLV,0.66312265,0.7485108,0.07847163,0.30263162,-0.07999992,7.41245,-0.16005072,0.72452974,11.808879,238837200.0,8055700.0,1.1875724,0.11242948,2.9700000286102295
2025-02-07,RZLV,0.66312265,0.7485108,0.11400229,0.28163266,0.27000022,7.37245,-0.11250262,0.85052097,12.321218,250918900.0,8017410.0,0.014433492,0.10311894,3.140000104904175
2025-02-10,RZLV,0.7485108,0.66312265,0.05566087,0.26415086,0.7099998,7.33285,-0.057215624,0.9965668,13.305477,263855200.0,8387545.0,0.07073508,0.10264683,3.3499999046325684
2025-02-11,RZLV,0.7485108,0.66312265,0.064737484,0.026936,0.49,7.2906,-0.037179194,0.73421675,13.622525,257918400.0,8223910.0,-0.54107434,0.08610109,3.049999952316284
2025-02-12,RZLV,0.7485108,0.66312265,-0.09381874,-0.0700637,0.46000004,7.2473,-0.0314278,0.6122238,13.434648,252144600.0,8102015.0,-0.027455868,0.08627413,2.9200000762939453
2025-02-13,RZLV,0.7485108,0.66312265,-0.04355793,-0.13134323,0.35000014,7.2042,-0.027361292,0.5864546,13.257455,246196500.0,8064630.0,0.030188091,0.08610365,2.9100000858306885
2025-02-14,RZLV,0.7485108,0.66312265,-0.0034305318,-0.042622913,0.42000008,7.160245,-0.023065751,0.6000958,12.9201565,252440800.0,7431085.0,0.049797416,0.06575794,2.9200000762939453
2025-02-18,RZLV,0.82298386,0.56806475,0.0034305318,-0.061643858,0.46000004,7.116145,-0.033796422,0.44513276,12.177184,246464800.0,7383255.0,-0.042967185,0.06600324,2.740000009536743
2025-02-19,RZLV,0.82298386,0.56806475,-0.063625716,-0.092783496,0.19000006,7.071195,-0.0497957,0.36726433,11.487282,242943300.0,7165610.0,-0.41072625,0.06648381,2.640000104904175
2025-02-20,RZLV,0.82298386,0.56806475,-0.037178967,-0.116438404,-0.07000017,7.025995,-0.066549614,0.33405063,10.9568205,239171300.0,6156340.0,0.07113446,0.061639942,2.5799999237060547
2025-02-21,RZLV,0.82298386,0.56806475,-0.022989588,-0.06934309,-0.42000008,6.979995,-0.08131066,0.32639498,10.186096,234929300.0,6069965.0,0.12460233,0.061332475,2.549999952316284
2025-02-24,RZLV,0.885456,0.46472317,-0.0116960285,-0.07954547,-0.71000004,6.933135,-0.101521604,0.24161175,9.91644,231428300.0,5880350.0,-0.17468175,0.060856644,2.430000066757202
2025-02-25,RZLV,0.885456,0.46472317,-0.048202056,-0.16279064,-1.1899998,6.885685,-0.1377379,0.060773067,10.581514,226733200.0,5830215.0,0.341074,0.063177675,2.1600000858306885
2025-02-26,RZLV,0.885456,0.46472317,-0.117783025,-0.14901957,-0.8799999,6.838135,-0.16374512,0.11184252,11.199084,229688700.0,5762730.0,-0.37051395,0.063014075,2.1700000762939453
2025-02-27,RZLV,0.885456,0.46472317,0.0046189413,-0.19753087,-0.97,6.787985,-0.19980496,0.0149578145,12.273199,225138000.0,5762615.0,0.5397395,0.06617826,1.9500000476837158
2025-02-28,RZLV,0.885456,0.46472317,-0.10689781,-0.15277779,-1.08,6.740085,-0.23535265,0.015742231,13.579596,221672900.0,5802910.0,-0.23855671,0.066050075,1.8300000429153442
2025-03-03,RZLV,0.9350162,0.3546049,-0.063513406,-0.23502308,-1.2600001,6.690885,-0.27408257,0.0012277438,15.145966,216594000.0,5849020.0,0.4657297,0.06832744,1.659999966621399
2025-03-04,RZLV,0.9350162,0.3546049,-0.09749841,-0.23076925,-1.24,6.641385,-0.31406662,-0.0033649472,17.24418,207952100.0,6074325.0,0.70152986,0.068803355,1.5
2025-03-05,RZLV,0.9350162,0.3546049,-0.101352476,-0.14207649,-1.07,6.592385,-0.33622998,0.08732272,18.899038,210916400.0,5981955.0,-0.65698516,0.067079425,1.5700000524520874
2025-03-06,RZLV,0.9350162,0.3546049,0.045610543,-0.15060242,-1.17,6.542685,-0.3625263,0.079407394,20.614056,208045400.0,5853290.0,-0.031474546,0.06498582,1.409999966621399
2025-03-07,RZLV,0.9350162,0.3546049,-0.10748597,-0.0333333,-1.0999999,6.492635,-0.3758066,0.14116737,22.206573,209775100.0,5344285.0,-0.39752698,0.056508403,1.4500000476837158
2025-03-10,RZLV,0.97094184,0.23931566,0.027973909,-0.178344,-1.1400001,6.442085,-0.3946922,0.122106604,23.910063,206631700.0,4897370.0,0.8173094,0.054717064,1.2899999618530273
2025-03-11,RZLV,0.97094184,0.23931566,-0.1169214,-0.003546096,-0.7550001,6.391675,-0.39581695,0.19164859,25.240126,208713600.0,4354650.0,-0.33769166,0.057219356,1.4049999713897705
2025-03-12,RZLV,0.97094184,0.23931566,0.08539509,0.2206896,-0.4000001,6.343275,-0.3630706,0.36018485,24.870516,213710300.0,4307645.0,1.4000672,0.087107636,1.7699999809265137
2025-03-13,RZLV,0.97094184,0.23931566,0.23094225,0.27131787,-0.31000006,6.294225,-0.34364745,0.32358822,24.527308,210936400.0,4157650.0,-0.4448536,0.087735005,1.6399999856948853
2025-03-14,RZLV,0.97094184,0.23931566,-0.076283306,0.33096087,0.03999996,6.246275,-0.30616608,0.44777298,23.545631,213933300.0,4010090.0,0.08039223,0.09516153,1.8700000047683716
2025-03-17,RZLV,0.99270886,0.12053668,0.1312422,-0.011299425,0.09000003,6.198175,-0.2828839,0.4089436,22.555017,210142300.0,3887425.0,0.26497382,0.09556685,1.75
2025-03-18,RZLV,0.99270886,0.12053668,-0.06632265,0.02439022,0.17999995,6.149755,-0.2670032,0.39019105,21.737627,208743800.0,3658550.0,-0.6311,0.095206566,1.6799999475479126
2025-03-19,RZLV,0.99270886,0.12053668,-0.040822025,-0.1497326,0.01999998,6.100255,-0.25869778,0.3549393,21.188627,206361100.0,3601610.0,0.703754,0.09543749,1.590000033378601
2025-03-20,RZLV,0.99270886,0.12053668,-0.055059724,-0.13142858,0.110000014,6.050105,-0.25482658,0.32547328,20.990223,204840800.0,3489025.0,-0.36194232,0.09557689,1.5199999809265137
2025-03-21,RZLV,0.99270886,0.12053668,-0.045023713,-0.017857127,0.19999993,6.001455,-0.23851922,0.44400683,21.01075,206911700.0,3380470.0,0.36216536,0.09855599,1.649999976158142
2025-03-24,RZLV,1.0,-1.6081226e-16,0.08206495,0.03144651,0.35000002,5.952655,-0.22382236,0.46252674,20.613764,204535300.0,3324240.0,0.14752041,0.098327786,1.6399999856948853
2025-03-25,RZLV,1.0,-1.6081226e-16,-0.0060790405,-0.05263153,0.035000086,5.902355,-0.22571144,0.2638262,21.0269,197093800.0,3461560.0,2.1314173,0.09891287,1.440000057220459
2025-03-26,RZLV,1.0,-1.6081226e-16,-0.13005307,-0.13939396,-0.35000002,5.852155,-0.22621474,0.24071084,21.4422,194762900.0,3430330.0,-0.68677014,0.0987995,1.4199999570846558
2025-03-27,RZLV,1.0,-1.6081226e-16,-0.013986312,-0.1280488,-0.21000004,5.801905,-0.22323339,0.2703126,21.927608,196321400.0,3280720.0,-0.33137414,0.096857674,1.4299999475479126
2025-03-28,RZLV,1.0,-1.6081226e-16,0.0070175664,-0.09027785,-0.56000006,5.750705,-0.22792625,0.1191635,22.67616,193205200.0,3263275.0,0.9994867,0.09759657,1.309999942779541
2025-03-31,RZLV,0.99270886,-0.12053668,-0.08764731,-0.14788727,-0.53999996,5.699755,-0.23698275,0.039567526,23.625624,190520300.0,3143575.0,-0.13840576,0.09694477,1.2100000381469727
2025-04-01,RZLV,0.99270886,-0.12053668,-0.0794067,-0.09090909,-0.38,5.64923,-0.23419817,0.19754413,23.63001,192809800.0,2825955.0,-0.14726806,0.096590854,1.2999999523162842
2025-04-02,RZLV,0.99270886,-0.12053668,0.07174384,0.061068736,-0.20000005,5.598855,-0.22216809,0.33693364,23.28051,195304100.0,2802455.0,0.08945184,0.09732951,1.3899999856948853
2025-04-03,RZLV,0.99270886,-0.12053668,0.06693951,0.1983471,-0.06999993,5.548655,-0.20542465,0.41649053,22.719088,198268200.0,2807110.0,0.18834944,0.09484988,1.4500000476837158
2025-04-04,RZLV,0.99270886,-0.12053668,0.042259853,-0.0076923007,-0.36,5.498055,-0.2027291,0.21566771,22.19777,195761600.0,2845955.0,-0.15434702,0.09810228,1.2899999618530273
2025-04-07,RZLV,0.97094184,-0.23931566,-0.1169214,-0.0791367,-0.36,5.447055,-0.1991046,0.2039108,22.207832,193350400.0,2809345.0,-0.03805952,0.09473451,1.2799999713897705
2025-04-08,RZLV,0.97094184,-0.23931566,-0.0077821333,-0.22068968,-0.31000006,5.395455,-0.20596173,0.061389886,22.471485,190331400.0,2856200.0,0.25207365,0.09615841,1.1299999952316284
2025-04-09,RZLV,0.97094184,-0.23931566,-0.124642424,-0.054263517,-0.19999993,5.344455,-0.20180748,0.20100231,22.884962,194498200.0,2814705.0,0.38019213,0.07626597,1.2200000286102295
2025-04-10,RZLV,0.97094184,-0.23931566,0.07663325,-0.117187485,-0.29999995,5.292905,-0.20343241,0.1356853,23.268906,192138500.0,2793995.0,-0.43369013,0.07627893,1.1299999952316284
2025-04-11,RZLV,0.97094184,-0.23931566,-0.07663325,0.008849549,-0.16999996,5.241455,-0.20158948,0.16413929,23.625425,193548600.0,2714655.0,-0.40242404,0.067268275,1.1399999856948853
2025-04-14,RZLV,0.9350162,-0.3546049,0.008810622,-0.065573804,-0.07000005,5.190005,-0.19784826,0.18650518,23.359957,193548600.0,2631340.0,0.5067726,0.06669176,1.1399999856948853
2025-04-15,RZLV,0.9350162,-0.3546049,0.0,0.23008849,0.09000003,5.139705,-0.1727194,0.5547875,22.445314,208597700.0,3313870.0,6.082929,0.08507467,1.3899999856948853
2025-04-16,RZLV,0.9350162,-0.3546049,0.19827549,0.16666672,-0.059999943,5.089155,-0.15584958,0.4832797,21.596004,206229600.0,3313140.0,-0.8426418,0.08480034,1.3300000429153442
2025-04-17,RZLV,0.9350162,-0.3546049,-0.044124763,0.22807017,-0.05000007,5.038955,-0.13527235,0.60774016,21.40918,208636500.0,3357470.0,0.016384443,0.08524608,1.399999976158142
2025-04-21,RZLV,0.885456,-0.46472317,0.051293246,-0.028776951,0.060000062,4.988505,-0.12159764,0.557416,21.1574,206473100.0,3362095.0,-0.10116748,0.08307249,1.350000023841858
2025-04-22,RZLV,0.885456,-0.46472317,-0.03636761,0.06766911,0.13999999,4.938105,-0.10391407,0.74799114,21.191212,208454400.0,3342340.0,-0.08417306,0.08410226,1.4199999570846558
2025-04-23,RZLV,0.885456,-0.46472317,0.05055223,0.06428574,0.36,4.888305,-0.08329116,0.8858393,21.609108,211098300.0,3102460.0,0.33442688,0.08007131,1.4900000095367432
2025-04-24,RZLV,0.885456,-0.46472317,0.048119284,0.45925924,0.75,4.84103,-0.02789382,1.3452417,23.557922,222719600.0,3566980.0,3.3955142,0.10677603,1.9700000286102295
2025-04-25,RZLV,0.885456,-0.46472317,0.27925742,0.47183096,0.9599999,4.79448,0.02539917,1.2155071,26.053492,237719100.0,4239030.0,0.29069036,0.107072055,2.0899999141693115
2025-04-28,RZLV,0.82298386,-0.56806475,0.059130467,0.5637583,1.1899999,4.74863,0.08600879,1.1889541,28.665503,250059600.0,4700245.0,-0.17727257,0.105727956,2.3299999237060547
2025-04-29,RZLV,0.82298386,-0.56806475,0.10870421,0.23350255,1.2900001,4.70338,0.14049202,1.0999235,31.197649,260738900.0,5099965.0,-0.13461368,0.10248505,2.430000066757202
2025-04-30,RZLV,0.82298386,-0.56806475,0.04202305,0.10526317,0.91999996,4.65693,0.1720046,0.9485416,33.548927,254661400.0,5289365.0,-0.43090838,0.10402863,2.309999942779541
2025-05-01,RZLV,0.82298386,-0.56806475,-0.050643787,-0.06008578,0.86,4.60803,0.18516114,0.83853024,35.876423,250127400.0,5391350.0,-0.25396955,0.10538103,2.190000057220459
2025-05-02,RZLV,0.82298386,-0.56806475,-0.05334593,-0.06995888,0.86,4.56058,0.19894291,0.8370964,37.082962,256588100.0,5566180.0,0.42494485,0.1053249,2.259999990463257
2025-05-05,RZLV,0.7485108,-0.66312265,0.03146324,-0.08658011,0.7599999,4.51423,0.19550762,0.73449826,37.989418,251838000.0,5678355.0,-0.26477006,0.1027283,2.109999895095825
2025-05-06,RZLV,0.7485108,-0.66312265,-0.06867691,-0.09132422,0.57000005,4.467055,0.1810155,0.6552163,38.46752,247725600.0,5763415.0,-0.1342498,0.10424064,1.9900000095367432
2025-05-07,RZLV,0.7485108,-0.66312265,-0.058553256,-0.0884956,0.56999993,4.420405,0.17318247,0.67179495,38.476658,250469200.0,5749645.0,-0.332847,0.09856154,2.059999942779541
2025-05-08,RZLV,0.7485108,-0.66312265,0.034571312,0.09004743,0.32999992,4.375155,0.18421718,0.77119184,39.216526,256234900.0,5829590.0,1.101509,0.09978487,2.299999952316284
2025-05-09,RZLV,0.7485108,-0.66312265,0.11020315,0.020100484,-0.059999943,4.328805,0.16922481,0.6088326,39.356846,250407600.0,6002970.0,0.010683872,0.10275354,2.0299999713897705
2025-05-12,RZLV,0.66312265,-0.7485108,-0.124873325,0.043689396,-0.17999983,4.282805,0.16512284,0.6573853,39.48714,254821300.0,6153150.0,-0.24258232,0.10271358,2.1500000953674316
2025-05-13,RZLV,0.66312265,-0.7485108,0.057432108,-0.017391289,-0.17000008,4.237305,0.1688022,0.7051842,39.71497,260071200.0,6309410.0,0.18945555,0.10238567,2.259999990463257
2025-05-14,RZLV,0.66312265,-0.7485108,0.049896922,0.16748765,0.059999943,4.201405,0.17853616,0.7524233,40.39469,266303100.0,5868550.0,0.18705118,0.09330848,2.369999885559082
2025-05-15,RZLV,0.66312265,-0.7485108,0.047525097,0.06511621,0.099999905,4.169055,0.1777461,0.68092257,41.025864,263439000.0,5893350.0,-0.540413,0.09293878,2.2899999618530273
2025-05-16,RZLV,0.66312265,-0.7485108,-0.034338105,0.066371724,0.1500001,4.135555,0.18467419,0.7497317,41.95738,268838200.0,6042965.0,0.8851297,0.09293602,2.4100000858306885
2025-05-19,RZLV,0.56806475,-0.82298386,0.05107498,-0.012658216,0.23000002,4.105805,0.18241356,0.68363386,42.822357,265649400.0,6094235.0,-0.409394,0.09269467,2.3399999141693115
2025-05-20,RZLV,0.56806475,-0.82298386,-0.02947589,-0.056768507,0.17000008,4.064355,0.16420467,0.48006105,42.5383,261109800.0,6222150.0,0.42360762,0.09564026,2.1600000858306885
2025-05-21,RZLV,0.56806475,-0.82298386,-0.08004263,-0.12863077,0.03999996,4.022155,0.14328082,0.3096076,41.66508,257290000.0,6280945.0,-0.15856023,0.09616834,2.0999999046325684
2025-05-22,RZLV,0.56806475,-0.82298386,-0.028170962,-0.06410251,-0.109999895,3.978105,0.13243416,0.44510305,40.854233,260708200.0,5870790.0,-0.105136395,0.06560782,2.190000057220459
2025-05-23,RZLV,0.56806475,-0.82298386,0.04196427,-0.023148235,0.07999992,3.919355,0.11604507,0.28749326,39.994736,257685900.0,5271930.0,-0.11582119,0.0650366,2.109999895095825
2025-05-27,RZLV,0.46472317,-0.885456,-0.037213672,0.019047715,-0.00999999,3.877055,0.104275346,0.36246255,39.426815,262045500.0,4872885.0,0.44247758,0.059548303,2.140000104904175
2025-05-28,RZLV,0.46472317,-0.885456,0.01411798,-0.054794576,-0.19000006,3.835905,0.08828166,0.24523659,38.631386,259032400.0,4489575.0,-0.3088586,0.058906805,2.069999933242798
2025-05-29,RZLV,0.46472317,-0.885456,-0.033257302,-0.004739332,-0.26999998,3.789455,0.0771381,0.32736266,38.14139,261635500.0,4315855.0,-0.13607249,0.05817691,2.0999999046325684
2025-05-30,RZLV,0.46472317,-0.885456,0.014388724,-0.065420605,-0.28999996,3.752455,0.059551127,0.15532891,36.560253,258157900.0,4263035.0,0.3359456,0.057993516,2.0
2025-06-02,RZLV,0.3546049,-0.9350162,-0.04879012,-0.08212559,-0.5100001,3.711205,0.0371163,0.035759598,34.700798,254763500.0,4109720.0,-0.023924546,0.058293816,1.899999976158142
2025-06-03,RZLV,0.3546049,-0.9350162,-0.051293306,-0.07142851,-0.38999987,3.664955,0.023104792,0.1596774,33.006496,256462600.0,3957170.0,-0.49944025,0.056996897,1.9500000476837158
2025-06-04,RZLV,0.3546049,-0.9350162,0.025975524,0.024999976,-0.11000013,3.626455,0.01984101,0.3246631,32.029705,259344300.0,3895635.0,0.69601554,0.05668511,2.049999952316284
2025-06-05,RZLV,0.3546049,-0.9350162,0.050010372,0.057894744,-0.089999914,3.585555,0.013866928,0.2617692,31.122686,256780100.0,3886665.0,-0.11017802,0.056370597,2.009999990463257
2025-06-06,RZLV,0.3546049,-0.9350162,-0.019705053,0.046153802,-0.1500001,3.554755,0.011421512,0.33344996,30.345694,259101300.0,3714440.0,-0.0947664,0.04950661,2.0399999618530273
2025-06-09,RZLV,0.23931566,-0.97094184,0.014815072,0.004878044,-0.049999952,3.524805,0.010970868,0.3654375,30.072212,261115400.0,3523780.0,-0.13230225,0.04185971,2.059999942779541
2025-06-10,RZLV,0.23931566,-0.97094184,0.009756166,0.019900478,-0.09000015,3.490855,0.009695056,0.35771477,29.710238,258438000.0,3436965.0,0.32932824,0.039615076,2.049999952316284
2025-06-11,RZLV,0.23931566,-0.97094184,-0.004866185,-0.04901956,-0.12999988,3.449005,-0.0001899183,0.19617514,28.355736,254234500.0,3384645.0,0.56999326,0.03919472,1.940000057220459
2025-06-12,RZLV,0.23931566,-0.97094184,-0.055151768,0.03883503,0.0400002,3.409455,0.008022028,0.57201755,28.822945,265215800.0,3622115.0,1.6124182,0.0447491,2.140000104904175
2025-06-13,RZLV,0.23931566,-0.97094184,0.09811787,-0.009756088,0.029999971,3.369355,0.005589531,0.37932584,29.256783,261130800.0,3683160.0,-0.62800395,0.04553071,2.0299999713897705
2025-06-16,RZLV,0.12053668,-0.99270886,-0.0527701,0.04123707,0.120000005,3.334955,0.0028223097,0.37270126,29.560541,256676500.0,3635915.0,0.090403914,0.043483146,2.0199999809265137
2025-06-17,RZLV,0.12053668,-0.99270886,-0.004938277,-0.07476639,0.029999971,3.305405,-0.0025687844,0.2654717,29.535946,253779400.0,3621330.0,-0.34959477,0.04329526,1.9800000190734863
2025-06-18,RZLV,0.12053668,-0.99270886,-0.020000648,-0.009852207,-0.03999996,3.279005,-0.004370142,0.38164106,29.513107,256207900.0,3515775.0,-0.16174796,0.04031001,2.009999990463257
2025-06-20,RZLV,0.12053668,-0.99270886,0.015037863,-0.04950496,-0.09000003,3.244705,-0.012911149,0.12339853,29.054688,252625500.0,3503905.0,0.47514927,0.041036304,1.9199999570846558
2025-06-23,RZLV,-3.2162452e-16,-1.0,-0.045809552,0.030303001,0.0,3.211405,-0.009883037,0.5444056,29.461224,269706700.0,4187055.0,3.7680883,0.0424205,2.0399999618530273
2025-06-24,RZLV,-3.2162452e-16,-1.0,0.060624626,0.38308457,0.72,3.182805,0.051633384,1.4919286,31.916162,314520300.0,6276620.0,1.6235627,0.09137126,2.7799999713897705
2025-06-25,RZLV,-3.2162452e-16,-1.0,0.30950114,0.48437497,0.79999995,3.153555,0.10482563,1.244914,34.57849,339229200.0,7294085.0,-0.44862944,0.09138491,2.8499999046325684
2025-06-26,RZLV,-3.2162452e-16,-1.0,0.024868043,0.44607848,1.01,3.121805,0.1532831,1.139305,37.10544,352417900.0,7802865.0,-0.46623686,0.09066684,2.950000047683716
2025-06-27,RZLV,-3.2162452e-16,-1.0,0.034486227,-0.014388476,0.5999999,3.097605,0.1727494,0.9129985,37.7699,316355600.0,9475825.0,1.7343332,0.09299476,2.740000009536743
2025-06-30,RZLV,-0.12053668,-0.99270886,-0.073847264,0.078947425,1.0450001,3.07798,0.21275577,1.0368998,38.386906,332582100.0,10113270.0,-0.55004257,0.094535485,3.075000047683716
2025-07-01,RZLV,-0.12053668,-0.99270886,0.11534699,-0.02372879,0.86000013,3.05928,0.22611967,0.866037,38.272938,323080000.0,10418655.0,-0.41440853,0.09514432,2.880000114440918
2025-07-02,RZLV,-0.12053668,-0.99270886,-0.06551458,0.010948895,0.78999996,3.04058,0.22523816,0.77023494,37.75721,316106400.0,10682380.0,-0.26609907,0.096176006,2.7699999809265137
2025-07-03,RZLV,-0.12053668,-0.99270886,-0.03894302,-0.08292686,0.80999994,3.02303,0.2259693,0.7709769,37.278316,320774000.0,10771675.0,-0.3306757,0.095921405,2.819999933242798
2025-07-07,RZLV,-0.23931566,-0.97094184,0.017889548,-0.07986111,0.73000014,3.00785,0.21040574,0.65437007,35.614727,312705100.0,11046910.0,0.7287043,0.09722643,2.6500000953674316
2025-07-08,RZLV,-0.23931566,-0.97094184,-0.062177185,-0.057761766,0.56999993,2.99515,0.19262339,0.6155997,34.069965,305858400.0,11273185.0,-0.15147047,0.09750471,2.609999895095825
2025-07-09,RZLV,-0.23931566,-0.97094184,-0.015209495,-0.117021255,-0.28999996,2.98385,0.16692357,0.5320202,31.807192,297151000.0,11607850.0,0.27176595,0.0984935,2.490000009536743
2025-07-10,RZLV,-0.23931566,-0.97094184,-0.047067467,-0.011320833,-0.23000002,2.96195,0.15525648,0.59562355,30.224567,303704600.0,11801660.0,-0.24735282,0.09875921,2.619999885559082
2025-07-11,RZLV,-0.23931566,-0.97094184,0.05089156,-0.0268199,-0.4100001,2.94285,0.13796453,0.52881163,28.223421,297801800.0,11886625.0,-0.0993042,0.09802877,2.5399999618530273
2025-07-14,RZLV,-0.3546049,-0.9350162,-0.031010209,-0.016064242,-0.28999996,2.92745,0.115664974,0.45916608,26.260029,293284900.0,11563405.0,-0.23478688,0.09654805,2.450000047683716
2025-07-15,RZLV,-0.3546049,-0.9350162,-0.03607602,-0.07251902,-0.645,2.915,0.09528026,0.42934808,24.4954,289146600.0,11566070.0,-0.08381855,0.095565535,2.430000066757202
2025-07-16,RZLV,-0.3546049,-0.9350162,-0.008196759,0.04330714,-0.23000002,2.89065,0.09577338,0.5645187,23.354809,296393000.0,11705675.0,0.7510572,0.097008206,2.6500000953674316
2025-07-17,RZLV,-0.3546049,-0.9350162,0.086668395,0.1714285,0.099999905,2.86885,0.112618126,0.7084433,23.79182,311641000.0,12323220.0,1.1042173,0.09764734,2.869999885559082
2025-07-18,RZLV,-0.3546049,-0.9350162,0.07975231,0.16049376,0.0,2.84605,0.12054358,0.65112835,24.197615,303599200.0,12603885.0,-0.4725997,0.09805039,2.819999933242798
2025-07-21,RZLV,-0.46472317,-0.885456,-0.017575128,0.018867906,0.049999952,2.826,0.115806624,0.5145461,25.457153,284531400.0,13378155.0,1.3710861,0.09797307,2.700000047683716
2025-07-22,RZLV,-0.46472317,-0.885456,-0.04348507,0.04181189,0.3800001,2.80785,0.13390951,0.8557103,26.626724,294855100.0,13040280.0,-0.4585794,0.09947333,2.990000009536743
2025-07-23,RZLV,-0.46472317,-0.885456,0.1020216,0.20212772,0.9000001,2.7907,0.17847547,1.1735903,28.884733,327419500.0,12427820.0,2.1543343,0.06586135,3.390000104904175
2025-07-24,RZLV,-0.46472317,-0.885456,0.12555656,0.1259259,0.42000008,2.77,0.18343769,0.77739835,30.693024,315457400.0,11790480.0,-0.63266325,0.07059534,3.0399999618530273
2025-07-25,RZLV,-0.46472317,-0.885456,-0.10897245,-0.013377913,0.4100001,2.7502,0.17805552,0.68345356,31.637636,308314000.0,11488215.0,-0.4028306,0.07065242,2.950000047683716
2025-07-28,RZLV,-0.56806475,-0.82298386,-0.030052315,-0.13864307,0.47000003,2.7305,0.16941644,0.641551,32.458298,299158200.0,10142890.0,0.2817146,0.06859939,2.9200000762939453
2025-07-29,RZLV,-0.56806475,-0.82298386,-0.010221544,-0.09539472,0.31999993,2.7097,0.147156,0.4816484,32.23635,291499100.0,9714520.0,-0.16347015,0.06413741,2.75
2025-07-30,RZLV,-0.56806475,-0.82298386,-0.059982732,-0.04745766,0.15999985,2.68825,0.13282481,0.5504743,32.03026,296010700.0,9464995.0,-0.41094908,0.062775604,2.809999942779541
2025-07-31,RZLV,-0.56806475,-0.82298386,0.021583552,0.0034246542,0.06000018,2.6676,0.12965566,0.66983706,32.215366,307551400.0,9693350.0,1.558006,0.062750936,2.930000066757202
2025-08-01,RZLV,-0.56806475,-0.82298386,0.04181798,0.06545457,0.11000013,2.6479,0.12569515,0.66221464,31.934223,307551400.0,9784315.0,-0.43791103,0.06267769,2.930000066757202
2025-08-04,RZLV,-0.66312265,-0.7485108,0.0,0.09964412,0.38999987,2.6294,0.13392328,0.7984994,32.337643,316337500.0,9820175.0,0.3544374,0.061759353,3.0899999141693115
2025-08-05,RZLV,-0.66312265,-0.7485108,0.053168617,0.047781523,0.07999992,2.61135,0.13724819,0.7513866,32.85339,308290300.0,9880200.0,-0.08409875,0.061608676,3.069999933242798
2025-08-06,RZLV,-0.66312265,-0.7485108,-0.0064935233,0.01706483,-0.4100001,2.5959,0.13110963,0.6414041,32.58892,301961700.0,9761260.0,-0.21356496,0.06092197,2.9800000190734863
2025-08-07,RZLV,-0.66312265,-0.7485108,-0.029754233,-0.0453074,-0.089999914,2.58195,0.122412905,0.5942228,32.494972,296344000.0,9714465.0,-0.11233132,0.060279403,2.950000047683716
2025-08-08,RZLV,-0.66312265,-0.7485108,-0.01011812,-0.022801282,0.049999952,2.57055,0.11819283,0.62977993,32.407734,302418000.0,9723025.0,0.08122541,0.05962858,3.0
2025-08-11,RZLV,-0.7485108,-0.66312265,0.016807102,0.013422806,0.099999905,2.5586,0.11513501,0.63475186,33.311337,317844100.0,10268485.0,1.5396938,0.058675494,3.0199999809265137
2025-08-12,RZLV,-0.7485108,-0.66312265,0.0066445363,0.0644068,0.3900001,2.54865,0.12099986,0.7874555,33.99769,324562000.0,10397465.0,-0.5645108,0.05878177,3.140000104904175
2025-08-13,RZLV,-0.7485108,-0.66312265,0.038966008,0.0466667,0.33000016,2.53935,0.124215916,0.76798856,34.760456,324562000.0,10412665.0,0.12392265,0.056040924,3.140000104904175
2025-08-14,RZLV,-0.7485108,-0.66312265,0.0,0.016556276,0.13999987,2.5292,0.11973599,0.6390315,35.169506,317475400.0,10004595.0,-0.06142721,0.053716436,3.069999933242798
2025-08-15,RZLV,-0.7485108,-0.66312265,-0.022545293,-0.0382166,0.089999914,2.5189,0.11087296,0.54281175,35.549335,312697800.0,9841385.0,-0.3258262,0.053692415,3.0199999809265137
2025-08-18,RZLV,-0.82298386,-0.56806475,-0.016420715,0.092356674,0.34000015,2.51105,0.13537204,1.1163938,36.825726,329753200.0,9740765.0,2.5698676,0.05986978,3.430000066757202
2025-08-19,RZLV,-0.82298386,-0.56806475,0.12730345,-0.022801282,-0.06999993,2.50125,0.11872179,0.4513018,38.01095,309041600.0,10260160.0,0.214372,0.063223265,3.0
2025-08-20,RZLV,-0.82298386,-0.56806475,-0.133948,0.0033112552,0.049999952,2.4919,0.106716916,0.5298904,38.48177,321305400.0,9245130.0,-0.4078777,0.055198573,3.0299999713897705
2025-08-21,RZLV,-0.82298386,-0.56806475,0.009950321,-0.12536445,0.049999952,2.4824,0.093702085,0.4791499,38.91896,316131800.0,8905705.0,-0.57814056,0.050087545,3.0
2025-08-22,RZLV,-0.82298386,-0.56806475,-0.009950321,0.01999998,0.059999943,2.4752,0.08722377,0.57818156,39.466206,324633000.0,8973595.0,0.6431885,0.0497439,3.059999942779541
2025-08-25,RZLV,-0.885456,-0.46472317,0.01980261,0.03300335,0.11000013,2.46995,0.08673822,0.6860646,40.15601,331915500.0,8879930.0,-0.14335623,0.04983191,3.130000114440918
2025-08-26,RZLV,-0.885456,-0.46472317,0.022618145,0.023333311,-0.07000017,2.4631,0.08058299,0.55456823,40.796543,326437000.0,8770900.0,-0.24771713,0.047968723,3.069999933242798
2025-08-27,RZLV,-0.885456,-0.46472317,-0.019355502,0.016339853,-0.03000021,2.45635,0.07803308,0.6181934,41.391323,331855900.0,8816265.0,-0.01087889,0.04786223,3.109999895095825
2025-08-28,RZLV,-0.885456,-0.46472317,0.012945153,0.15015967,0.53,2.4519,0.114234336,1.2992572,43.20333,362201900.0,9756530.0,4.6000295,0.058240816,3.5999999046325684
2025-08-29,RZLV,-0.885456,-0.46472317,0.14631112,0.21824107,0.72,2.4484,0.15246344,1.2220626,44.901096,375018300.0,10073005.0,-0.5776577,0.058470786,3.740000009536743
2025-09-02,RZLV,-0.9350162,-0.3546049,0.038151793,0.18006438,0.24000001,2.4452,0.17509349,1.0257498,46.724854,357244400.0,10522395.0,0.38680908,0.05807884,3.6700000762939453
2025-09-03,RZLV,-0.9350162,-0.3546049,-0.018893931,0.1388889,1.0999999,2.4443,0.2251302,1.195724,48.816566,378474600.0,11181545.0,0.19445929,0.06261447,4.099999904632568
2025-09-04,RZLV,-0.9350162,-0.3546049,0.11079527,0.15508026,1.2900002,2.44595,0.27931705,1.1530577,50.94499,394639900.0,11673380.0,-0.23857053,0.062175013,4.320000171661377
2025-09-05,RZLV,-0.9350162,-0.3546049,0.05226849,0.1634877,1.27,2.45005,0.3145994,1.0168256,53.053505,381583800.0,12045300.0,-0.19233792,0.06221494,4.269999980926514
2025-09-08,RZLV,-0.97094184,-0.23931566,-0.011641619,0.12682927,1.56,2.4595,0.36657733,1.0718782,55.097504,396965700.0,12510695.0,0.17813896,0.06370331,4.619999885559082
2025-09-09,RZLV,-0.97094184,-0.23931566,0.07878086,0.30092585,2.4899998,2.47435,0.4828953,1.2304032,57.417843,426211700.0,13201690.0,0.9013256,0.07669701,5.619999885559082
2025-09-10,RZLV,-0.97094184,-0.23931566,0.19593696,0.46370023,3.18,2.49275,0.618781,1.189826,59.75914,456178600.0,14364140.0,0.024649525,0.07865435,6.25
2025-09-11,RZLV,-0.97094184,-0.23931566,0.10624982,0.469697,3.68,2.51665,0.7612694,1.136768,62.12203,496189100.0,15987145.0,0.33515647,0.078841016,6.789999961853027
2025-09-12,RZLV,-0.97094184,-0.23931566,0.08286947,0.20284703,3.1600003,2.54175,0.8618371,1.0213418,64.339226,464158300.0,17234356.0,-0.19944015,0.07817078,6.760000228881836
2025-09-15,RZLV,-0.99270886,-0.12053668,-0.004428012,0.23519997,3.9799998,2.57125,1.0073891,1.0697982,66.48502,498942600.0,18734690.0,0.085964136,0.07984576,7.71999979019165
2025-09-16,RZLV,-0.99270886,-0.12053668,0.13279141,0.08247422,3.6799998,2.59705,1.0804296,0.9372384,68.48998,465129400.0,19572580.0,-0.027917767,0.080139056,7.349999904632568
2025-09-17,RZLV,-0.99270886,-0.12053668,-0.049114037,0.05177513,3.0100002,2.6213999,1.1061972,0.8559598,68.417946,431472000.0,20219870.0,-0.004607668,0.07225743,7.110000133514404
2025-09-18,RZLV,-0.99270886,-0.12053668,-0.033198036,-0.10751294,2.5699997,2.6448,1.0962294,0.7914781,68.04601,410630600.0,20648750.0,-0.38077807,0.073903784,6.889999866485596
2025-09-19,RZLV,-0.99270886,-0.12053668,-0.031431198,-0.09387756,2.3899999,2.6675,1.0575798,0.7333809,67.700645,386080100.0,21617596.0,0.17796789,0.07498934,6.659999847412109
2025-09-22,RZLV,-1.0,-1.8369701e-16,-0.033951603,-0.102672294,1.7600002,2.68695,0.99291027,0.6719133,64.68208,363579200.0,22317580.0,-0.08348506,0.07724735,6.380000114440918
2025-09-23,RZLV,-1.0,-1.8369701e-16,-0.042951345,0.04208998,1.56,2.71135,0.9947457,0.7678797,62.56111,383944900.0,22971740.0,-0.094893984,0.079417564,7.179999828338623
2025-09-24,RZLV,-1.0,-1.8369701e-16,0.11813124,0.024024073,0.5700002,2.734,0.95612967,0.69175863,60.59164,369528000.0,23418660.0,-0.29209897,0.08102417,6.820000171661377
2025-09-25,RZLV,-1.0,-1.8369701e-16,-0.051439863,0.04545454,-0.119999886,2.75675,0.90301305,0.64855963,58.077583,357187000.0,23764764.0,-0.14399074,0.08209205,6.670000076293945
2025-09-26,RZLV,-1.0,-1.8369701e-16,-0.022239625,-0.1713092,-0.8100004,2.77735,0.79367083,0.5012309,55.020233,337304900.0,23241570.0,0.6110607,0.08385157,5.949999809265137
2025-09-29,RZLV,-0.99270886,0.12053668,-0.11422868,-0.2316716,-2.48,2.7937999,0.64232093,0.3414761,51.412743,299365300.0,24497730.0,0.908229,0.09006444,5.239999771118164
2025-09-30,RZLV,-0.99270886,0.12053668,-0.12706973,-0.25337332,-2.37,2.80905,0.4956814,0.25502098,48.458855,267334800.0,25210560.0,-0.15575019,0.09103614,4.980000019073486
2025-10-01,RZLV,-0.99270886,0.12053668,-0.05089156,-0.14957981,-2.0500002,2.8244,0.3815258,0.24618298,45.34163,361606000.0,28862610.0,1.9431698,0.08806609,5.059999942779541
2025-10-02,RZLV,-0.99270886,0.12053668,0.015936578,0.19751915,-0.6149998,2.845425,0.3846629,0.5117111,42.75198,412570100.0,30602550.0,-0.45938843,0.10134277,6.275000095367432
2025-10-03,RZLV,-0.99270886,0.12053668,0.21520703,0.3634538,0.13000011,2.869425,0.42381972,0.6269966,41.485474,467802300.0,32711356.0,0.083747186,0.10180281,6.789999961853027
2025-10-06,RZLV,-0.97094184,0.23931566,0.078877434,0.29545453,0.17499971,2.89155,0.43092182,0.5341082,39.87224,441974300.0,33233660.0,-0.5323742,0.10189415,6.554999828338623
2025-10-07,RZLV,-0.97094184,0.23931566,-0.035222843,-0.002390417,-0.9199996,2.9064,0.40804264,0.42282075,37.93544,418010000.0,32969576.0,-0.07215812,0.091959156,6.260000228881836
2025-10-08,RZLV,-0.97094184,0.23931566,-0.04604787,-0.0810015,-0.5800004,2.91885,0.38387182,0.4161368,35.994976,402126300.0,32265416.0,-0.33719325,0.088726565,6.239999771118164
2025-10-09,RZLV,-0.97094184,0.23931566,-0.003200076,-0.118230306,-0.88999987,2.93255,0.32386482,0.2792125,33.848263,381274100.0,31307500.0,0.31280494,0.08806867,5.78000020980835
2025-10-10,RZLV,-0.97094184,0.23931566,-0.07657643,-0.18051119,-0.8199997,2.9434,0.22130819,0.11337545,31.928835,351716000.0,31183864.0,0.41750512,0.09131298,5.130000114440918
2025-10-13,RZLV,-0.9350162,0.3546049,-0.11929804,-0.12499996,0.22000027,2.95455,0.16476028,0.23842257,30.14651,366455600.0,30181630.0,-0.50133467,0.08600608,5.460000038146973
2025-10-14,RZLV,-0.9350162,0.3546049,0.062343117,-0.057093494,0.4699998,2.964,0.11778102,0.25767112,28.115288,351343400.0,29246580.0,0.02527884,0.08566173,5.449999809265137
2025-10-15,RZLV,-0.9350162,0.3546049,-0.001833223,0.06432747,0.4000001,2.9682,0.08042941,0.2831687,26.229155,379421400.0,28967610.0,0.85796905,0.085561514,5.460000038146973
2025-10-16,RZLV,-0.9350162,0.3546049,0.001833223,-0.07692309,-1.2350001,2.9704,0.016744481,0.16846578,24.938742,349503400.0,29421440.0,0.06553173,0.08676819,5.039999961853027
2025-10-17,RZLV,-0.9350162,0.3546049,-0.08004272,-0.10642201,-1.9200001,2.97115,-0.0469032,0.15027085,23.978006,334630900.0,28937540.0,-0.50289124,0.08677271,4.869999885559082
2025-10-20,RZLV,-0.885456,0.46472317,-0.034312163,-0.10073263,-1.645,2.9766,-0.09304423,0.19832815,22.889923,347136100.0,28437756.0,-0.15917297,0.08658858,4.909999847412109
2025-10-21,RZLV,-0.885456,0.46472317,0.008179997,-0.07539685,-1.6000004,2.97945,-0.1480773,0.14095093,22.164877,335484300.0,28002060.0,-0.06824361,0.08090793,4.659999847412109
2025-10-22,RZLV,-0.885456,0.46472317,-0.052258495,-0.11293629,-1.9199996,2.97945,-0.21662936,0.07055779,22.275698,315520800.0,28279390.0,0.7133404,0.08153705,4.320000171661377
2025-10-23,RZLV,-0.885456,0.46472317,-0.07575998,-0.09572297,-1.3400002,2.9814,-0.2582969,0.14655355,22.296804,326194700.0,28196036.0,-0.46532923,0.08221621,4.440000057220459
2025-10-24,RZLV,-0.885456,0.46472317,0.027398948,0.012875524,-0.41000032,2.9864,-0.26566267,0.26912954,21.623251,336456300.0,27715010.0,-0.03862693,0.08115566,4.71999979019165
2025-10-27,RZLV,-0.82298386,0.56806475,0.061154366,0.12037036,-0.6199999,2.99575,-0.2588334,0.3203809,20.70038,345636900.0,26277060.0,-0.1053442,0.07710923,4.840000152587891
2025-10-28,RZLV,-0.82298386,0.56806475,0.025105998,0.0022521964,-1.0,3.00195,-0.28164434,0.20502014,20.33778,335202200.0,25197270.0,0.13660327,0.0784297,4.449999809265137
2025-10-29,RZLV,-0.82298386,0.56806475,-0.0840107,-0.082627095,-1.1300001,3.0116,-0.30587915,0.19009164,20.180107,326121700.0,20937736.0,-0.12977853,0.07847369,4.329999923706055
2025-10-30,RZLV,-0.82298386,0.56806475,-0.027336529,-0.15495867,-0.9499998,3.0205,-0.340526,0.15230064,20.399075,313548700.0,19018180.0,0.3846154,0.053849164,4.090000152587891
2025-10-31,RZLV,-0.82298386,0.56806475,-0.057022516,-0.035955023,-0.5799999,3.0299,-0.34783596,0.23053195,20.602404,322006200.0,16679445.0,-0.3273284,0.05098143,4.289999961853027
2025-11-03,RZLV,-0.7485108,0.66312265,0.047741715,-0.05311779,-0.80999994,3.03535,-0.36475587,0.18006013,20.665447,313661200.0,15805295.0,-0.013301803,0.051158674,4.099999904632568
2025-11-04,RZLV,-0.7485108,0.66312265,-0.045299772,-0.014669912,-0.62999964,3.0413,-0.3794395,0.17194475,21.132002,301796600.0,15200310.0,0.42176154,0.05087589,4.03000020980835
2025-11-05,RZLV,-0.7485108,0.66312265,-0.017220523,-0.034965057,-0.1800003,3.0477,-0.37784475,0.22390333,21.216269,309217600.0,14777175.0,-0.3745259,0.05186968,4.139999866485596
2025-11-06,RZLV,-0.7485108,0.66312265,0.026929328,-0.06097561,-0.59000015,3.05115,-0.39542326,0.112879746,21.563334,299774600.0,14206715.0,0.27247003,0.05167206,3.8499999046325684
2025-11-07,RZLV,-0.7485108,0.66312265,-0.072622634,-0.04962786,-0.88999987,3.05505,-0.4062848,0.14621487,22.312847,289856900.0,13224695.0,0.05027004,0.046776187,3.8299999237060547
2025-11-10,RZLV,-0.66312265,0.7485108,-0.0052083405,-0.0869565,-1.0600002,3.0595999,-0.41415316,0.15118031,22.657148,274687400.0,13246190.0,0.5295381,0.043056164,3.7799999713897705
2025-11-11,RZLV,-0.66312265,0.7485108,-0.013140781,-0.11168827,-1.0299997,3.0635,-0.44431606,0.02119612,23.437216,260196100.0,13215145.0,-0.044708133,0.046235733,3.4200000762939453
2025-11-12,RZLV,-0.66312265,0.7485108,-0.100083426,-0.15404698,-1.0899999,3.0669,-0.47724348,-0.019861478,24.44715,243078700.0,12667115.0,0.18121907,0.046362165,3.240000009536743
2025-11-13,RZLV,-0.66312265,0.7485108,-0.05406724,-0.2142857,-1.1200001,3.06945,-0.51914114,-0.054226168,25.739674,228014700.0,11924415.0,-0.11995981,0.046762496,2.9700000286102295
2025-11-14,RZLV,-0.66312265,0.7485108,-0.08701137,-0.13742691,-1.3399999,3.0714,-0.5476462,0.014709826,27.229013,214431300.0,11859960.0,-0.09828731,0.046887863,2.950000047683716
2025-11-17,RZLV,-0.56806475,0.82298386,-0.006756776,-0.15123457,-1.3499999,3.07265,-0.5796927,0.005060002,28.667772,201265900.0,11892970.0,-0.030772856,0.04724507,2.75
2025-11-18,RZLV,-0.56806475,0.82298386,-0.07020427,-0.030303001,-1.1500001,3.07565,-0.5878238,0.10866865,29.894367,212046500.0,11849410.0,-0.18114148,0.049719367,2.880000114440918
2025-11-19,RZLV,-0.56806475,0.82298386,0.046189424,0.020338964,-1.1299999,3.07845,-0.5771251,0.19483183,30.360817,225215100.0,11509665.0,0.22150901,0.05042891,3.009999990463257
2025-11-20,RZLV,-0.56806475,0.82298386,0.04414974,0.08727273,-0.8599999,3.08015,-0.5637614,0.21771038,29.087214,193831100.0,12545170.0,1.383245,0.04940901,2.990000009536743
2025-11-21,RZLV,-0.56806475,0.82298386,-0.006666685,0.041666627,-0.8299999,3.0803,-0.54606897,0.24495155,28.18355,208284900.0,12754780.0,-0.5394532,0.04590754,3.0
2025-11-24,RZLV,-0.46472317,0.885456,0.003338898,0.06312294,-0.5799999,3.0806,-0.51003,0.34132993,27.12202,223595000.0,13061255.0,0.059243936,0.048946403,3.200000047683716
2025-11-25,RZLV,-0.46472317,0.885456,0.06453854,0.0066889566,-0.4100001,3.0789,-0.49113864,0.27963868,26.2885,207166300.0,13360955.0,0.07306288,0.04776508,3.009999990463257
2025-11-26,RZLV,-0.46472317,0.885456,-0.061210748,-0.0066666603,-0.26,3.07855,-0.47313386,0.28662348,25.582258,194891900.0,13520650.0,-0.25286844,0.04775324,2.9800000190734863
2025-11-28,RZLV,-0.46472317,0.885456,-0.010016768,-0.04687503,0.07999992,3.0792,-0.4480517,0.3394597,24.73032,200247700.0,13159790.0,-0.563661,0.047706936,3.049999952316284
