Date,Open,High,Low,Close,Volume,returns,sma_5,sma_20,rsi,volume_z
2022-01-03,382.5833435058594,400.3566589355469,378.67999267578125,399.9266662597656,103931400,0.1353166841897706,366.7706665039062,340.34649963378905,73.96538448158988,-0.00724625104532042
2022-01-04,396.51666259765625,402.6666564941406,374.3500061035156,383.1966552734375,100248300,-0.041832696836128,370.8453308105469,342.6894989013672,68.05435242398212,-0.101296998784833
2022-01-05,382.2166748046875,390.11334228515625,360.336669921875,362.7066650390625,80119800,-0.05347121367683638,370.9739990234375,343.29566497802733,59.781571662394136,-0.6152934897502641
2022-01-06,359.0,362.6666564941406,340.1666564941406,354.8999938964844,90336600,-0.02152337383085412,370.597998046875,343.22466430664065,62.582191724702305,-0.35439976449027866
2022-01-07,360.1233215332031,360.30999755859375,336.6666564941406,342.32000732421875,84164700,-0.035446567451716815,368.60999755859376,343.6106643676758,58.142550370129925,-0.5120039050168725
2022-01-10,333.3333435058594,353.0333251953125,326.6666564941406,352.7066650390625,91815000,0.03034195341380186,359.16599731445314,344.29549713134764,63.68007748111628,-0.3166477008867666
2022-01-11,351.22332763671875,358.6166687011719,346.2733459472656,354.79998779296875,66063300,0.005935024657598653,353.4866638183594,345.9286636352539,61.530148519318786,-0.9742368623441275
2022-01-12,359.6166687011719,371.61334228515625,357.5299987792969,368.739990234375,83739000,0.039289748931841784,354.6933288574219,348.3904968261719,59.40924921638333,-0.5228744769027052
2022-01-13,369.69000244140625,371.8666687011719,342.17999267578125,343.85333251953125,97209900,-0.06749107331435766,352.48399658203124,349.31666412353513,46.680655227145465,-0.17888484378815495
2022-01-14,339.9599914550781,350.6666564941406,337.7933349609375,349.8699951171875,72924300,0.017497758575059086,353.993994140625,351.3614974975586,45.777690111289935,-0.799036031456887
2022-01-18,342.2033386230469,356.92999267578125,338.6866760253906,343.5033264160156,66743400,-0.01819724123253097,352.1533264160156,352.993830871582,44.619180081078035,-0.9568699937992489
2022-01-19,347.2366638183594,351.5566711425781,331.6666564941406,331.8833312988281,75442500,-0.0338278969185718,347.5699951171875,354.58899688720703,42.07402380153971,-0.7347318874049631
2022-01-20,336.57666015625,347.2200012207031,331.3333435058594,332.0899963378906,70488600,0.0006227038828787723,340.2399963378906,355.55133056640625,43.33818711920946,-0.8612334755309362
2022-01-21,332.11334228515625,334.8500061035156,313.5,314.6333312988281,103416000,-0.05256606712507206,334.39599609375,354.46849670410154,40.510133317529096,-0.02040738036164221
2022-01-24,301.586669921875,311.1700134277344,283.8233337402344,310.0,151565700,-0.014726129872195681,326.4219970703125,352.1851638793945,21.031260340827785,1.209131673270681
2022-01-25,304.73333740234375,317.086669921875,301.07000732421875,306.1333312988281,86595900,-0.012473124842489969,318.947998046875,349.2594970703125,22.931733855744724,-0.4499213718507073
2022-01-26,317.4766540527344,329.2300109863281,302.0,312.4700012207031,104867400,0.02069905258271132,315.06533203125,346.74183044433596,30.40640152810917,0.016655217794565486
2022-01-27,311.1199951171875,311.7966613769531,276.3333435058594,276.3666687011719,147109500,-0.11554175561970448,303.92066650390626,342.4569976806641,24.908404336061125,1.0953392315566857
2022-01-28,277.1866760253906,285.8333435058594,264.0033264160156,282.1166687011719,134789100,0.020805692766870276,297.417333984375,338.7238311767578,29.88707358456594,0.7807284872244951
2022-01-31,290.9033203125,312.663330078125,287.3500061035156,312.239990234375,104436000,0.10677611383930952,297.86533203125,336.7228302001953,38.05587852632132,0.0056390920920796105
2022-02-01,311.7366638183594,314.5666809082031,301.6666564941406,310.4166564941406,73138200,-0.0058395266373975074,298.7219970703125,332.24732971191406,36.8789280358481,-0.7935739329687976
2022-02-02,309.3933410644531,310.5,296.4700012207031,301.88665771484375,66792900,-0.02747919159891432,296.60532836914064,328.18182983398435,29.583024528889936,-0.9556059738125242
2022-02-03,294.0,312.3333435058594,293.50665283203125,297.0466613769531,78855600,-0.016032495024879134,300.7413269042969,324.8988296508789,33.71072840108525,-0.6475757941384945
2022-02-04,299.0733337402344,312.1666564941406,293.72332763671875,307.7733459472656,73625400,0.03611110968421327,305.87266235351564,322.542497253418,35.814899557301445,-0.7811329120085493
2022-02-07,307.92999267578125,315.92333984375,300.9033203125,302.4466552734375,60994500,-0.01730718642133755,303.91399536132815,320.54882965087893,36.067688079919684,-1.1036725089847406
2022-02-08,301.84332275390625,308.7633361816406,298.26666259765625,307.3333435058594,50729100,0.0161571905234128,303.2973327636719,318.28016357421876,41.27018715097743,-1.3658072720498737
2022-02-09,311.6666564941406,315.42333984375,306.6666564941406,310.6666564941406,52259400,0.010845920427172029,305.05333251953124,316.07349700927733,42.54771374048719,-1.3267299026420987
2022-02-10,302.7900085449219,314.60333251953125,298.8999938964844,301.51666259765625,66126900,-0.029452771017468238,305.94733276367185,312.7123306274414,45.15739996498242,-0.972612788179366
2022-02-11,303.2099914550781,305.32000732421875,283.5666809082031,286.6666564941406,79645800,-0.04925102969626416,301.7259948730469,309.8529968261719,41.9897451069669,-0.6273974387140524
2022-02-14,287.19000244140625,299.6266784667969,284.3833312988281,291.9200134277344,67756500,0.01832566437213501,299.62066650390625,306.9554977416992,45.16663587927746,-0.9309997180709493
2022-02-15,300.0,307.6666564941406,297.7933349609375,307.4766540527344,57286200,0.053290764282768466,299.6493286132812,305.15416412353517,48.40216323477425,-1.1983667578084038
2022-02-16,304.6833190917969,308.80999755859375,300.4033203125,307.7966613769531,51294300,0.0010407532409399955,299.07532958984376,303.94983062744143,63.04473495286458,-1.351374462019635
2022-02-17,304.4200134277344,306.1666564941406,291.3666687011719,292.1166687011719,55178400,-0.05094269900666093,297.19533081054686,301.95116424560547,53.834355110336006,-1.2521910270613008
2022-02-18,295.3333435058594,295.6233215332031,279.2033386230469,285.6600036621094,68501700,-0.022103035296720752,296.99400024414064,300.5024978637695,37.548417570685295,-0.9119704717253478
2022-02-22,278.0433349609375,285.57666015625,267.0333251953125,273.84332275390625,83288100,-0.04136624223452856,293.378662109375,298.69466400146484,34.33377752783667,-0.5343885498726887
2022-02-23,276.80999755859375,278.4333190917969,253.52000427246094,254.67999267578125,95256900,-0.06997917599526948,282.8193298339844,296.1219970703125,31.467239382230133,-0.22875617780983995
2022-02-24,233.4633331298828,267.49334716796875,233.3333282470703,266.92333984375,135322200,0.04807345500262783,274.64466552734376,293.8446640014648,38.82362638693982,0.7943415994451609
2022-02-25,269.74334716796875,273.1666564941406,260.79998779296875,269.9566650390625,76067700,0.011364031324829549,270.21266479492186,293.5241638183594,35.11974909644508,-0.7187669319362702
2022-02-28,271.6700134277344,292.28668212890625,271.57000732421875,290.1433410644531,99006900,0.07477746853358713,271.1093322753906,293.9254974365234,45.66571119620587,-0.13299708790645093
2022-03-01,289.8933410644531,296.6266784667969,284.59332275390625,288.1233215332031,74766900,-0.006962143345558558,273.96533203125,292.7196640014648,43.093068248351706,-0.7519838450419577
2022-03-02,290.7099914550781,295.49334716796875,281.42333984375,293.2966613769531,74643300,0.01795529711451649,281.68866577148435,291.8636642456055,43.836203591761276,-0.7551400646451735
2022-03-03,292.92333984375,295.4800109863281,277.5333251953125,279.7633361816406,61623600,-0.04614210448825773,284.2566650390625,290.7574981689453,42.51365592222242,-1.087607964062548
2022-03-04,283.0333251953125,285.2166748046875,275.0533447265625,279.42999267578125,66999600,-0.0011915196265851469,286.1513305664063,289.87666473388674,47.233057639858174,-0.9503277327770494
2022-03-07,285.4333190917969,288.71331787109375,268.19000244140625,268.1933288574219,72494100,-0.04021280504200253,281.761328125,287.89766387939454,41.32500835725957,-0.8100215142506038
2022-03-08,265.1766662597656,283.3299865722656,260.72332763671875,274.79998779296875,80399100,0.02463394210323222,279.09666137695314,286.5153305053711,37.21603940531933,-0.6081613527342596
2022-03-09,279.82666015625,286.85333251953125,277.336669921875,286.3233337402344,59184000,0.04193357517885765,277.7019958496094,285.46483001708987,42.2761544966687,-1.1499049975900968
2022-03-10,283.8166809082031,284.8166809082031,270.1199951171875,279.4333190917969,58648500,-0.024063755330148706,277.6359924316406,283.90316314697264,45.12990802312289,-1.1635793956283007
2022-03-11,280.0666809082031,281.26666259765625,264.5899963378906,265.1166687011719,67037100,-0.0512345859010529,274.77332763671876,282.0831634521484,42.560898468736205,-0.9493701418780155
2022-03-14,260.2033386230469,266.8999938964844,252.01333618164062,255.4566650390625,71152200,-0.036436802368687404,272.2259948730469,280.52266387939454,43.23622286267005,-0.8442879469816325
2022-03-15,258.42333984375,268.5233459472656,252.19000244140625,267.2966613769531,66841200,0.046348355546253384,270.72532958984374,279.29149627685547,54.905517676560926,-0.9543725967345685
2022-03-16,269.6666564941406,280.6666564941406,267.4200134277344,280.07666015625,84028800,0.047812040425278646,269.4759948730469,277.92149658203124,55.09292104204666,-0.5154742144349713
2022-03-17,276.9966735839844,291.6666564941406,275.239990234375,290.5333251953125,66582900,0.037335010469022656,271.69599609375,277.0583297729492,57.53410850807542,-0.960968482847114
2022-03-18,291.4966735839844,302.6166687011719,289.1300048828125,301.7966613769531,100414200,0.03876779427650434,279.03199462890626,277.5423294067383,54.56515449669918,-0.09706061664750708
2022-03-21,304.99334716796875,314.2833251953125,302.36334228515625,307.0533447265625,81981600,0.017417963888751054,289.35133056640626,278.61199645996095,57.232375443323285,-0.5677510167950295
2022-03-22,310.0,332.6199951171875,307.25,331.32666015625,105868500,0.07905243778179138,302.15733032226564,281.4861633300781,62.67920199698142,0.042219064435174224
2022-03-23,326.64666748046875,346.8999938964844,325.4666748046875,333.03668212890625,120676200,0.005161136057840299,312.74933471679685,285.40399780273435,69.28144020786469,0.4203448979184846
2022-03-24,336.57666015625,341.4966735839844,329.6000061035156,337.97332763671875,68920800,0.014823128420135223,322.2373352050781,288.9564971923828,70.50554639612523,-0.9012684358377451
2022-03-25,336.0,340.6000061035156,332.44000244140625,336.8800048828125,62031600,-0.003234937980317265,329.25400390625,292.3026641845703,75.89865266825538,-1.0771893750810593
2022-03-28,355.0333251953125,365.9599914550781,351.20001220703125,363.9466552734375,102506100,0.0803450783611821,340.632666015625,295.99282989501955,79.12021242150628,-0.04364236593580053
2022-03-29,369.3299865722656,371.5899963378906,357.7033386230469,366.5233459472656,73614900,0.007079858095940583,347.6720031738281,299.91283111572267,77.82404070365762,-0.7814010374602788
2022-03-30,363.72332763671875,371.3166809082031,361.3333435058594,364.663330078125,59865000,-0.00507475414515135,353.99733276367186,303.4811645507813,80.63844030137123,-1.1325151468636412
2022-03-31,364.8566589355469,367.71331787109375,358.8800048828125,359.20001220703125,48992700,-0.014981813142339484,358.2426696777344,307.45299835205077,86.12014495283643,-1.410147561038739
2022-04-01,360.3833312988281,364.9166564941406,355.5466613769531,361.5299987792969,54263100,0.006486599368272561,363.17266845703125,311.55799865722656,93.15199241198737,-1.27556390572492
2022-04-04,363.1266784667969,383.3033447265625,357.510009765625,381.8166809082031,82035900,0.05611341298759176,366.7466735839844,317.2391662597656,93.59235404789663,-0.5663644251732284
2022-04-05,378.76666259765625,384.2900085449219,362.4333190917969,363.7533264160156,80075100,-0.047308971544201106,366.1926696777344,321.686833190918,80.62013114568097,-0.6164349381019124
2022-04-06,357.8233337402344,359.6666564941406,342.5666809082031,348.586669921875,89348400,-0.041694894294368345,362.9773376464844,324.8,70.53580064806306,-0.3796341998616197
2022-04-07,350.7966613769531,358.86334228515625,340.5133361816406,352.4200134277344,79447200,0.010996816105212748,361.621337890625,328.4493347167969,68.90106198876893,-0.6324688401153359
2022-04-08,347.7366638183594,349.4800109863281,340.8133239746094,341.8299865722656,55013700,-0.03004944796541842,357.68133544921875,332.2850006103516,62.48712180401035,-1.2563967662898576
2022-04-11,326.79998779296875,336.15667724609375,324.8800048828125,325.30999755859375,59357100,-0.048328086073804455,346.3799987792969,335.7776672363281,47.71223825008981,-1.1454847580001561
2022-04-12,332.5466613769531,340.39666748046875,325.5333251953125,328.98333740234375,65976000,0.011291813566499442,339.4260009765625,338.8620010375977,48.481438611109716,-0.9764661339570785
2022-04-13,327.02667236328125,342.0799865722656,324.3666687011719,340.7900085449219,55121100,0.03588835603591267,337.8666687011719,341.8976684570313,51.003591517364434,-1.2536542259550245
2022-04-14,333.0966796875,337.57000732421875,327.39666748046875,328.3333435058594,58422300,-0.03655231880843268,333.04933471679686,343.7876693725586,47.18291568834823,-1.169355583931273
2022-04-18,329.6766662597656,338.3066711425781,324.4700012207031,334.7633361816406,51715200,0.019583733431163042,331.63600463867186,345.43600311279295,38.86615032785209,-1.3406264617688786
2022-04-19,335.0199890136719,344.9800109863281,331.77667236328125,342.7166748046875,49847700,0.023758093445249484,335.1173400878906,347.2191696166992,41.27534950742051,-1.3883144885407663
2022-04-20,343.3333435058594,344.6666564941406,325.0833435058594,325.73333740234375,70711200,-0.04955503671370076,334.46734008789065,346.9395034790039,37.156624468155805,-0.855549215954271
2022-04-21,358.24334716796875,364.0733337402344,332.1400146484375,336.260009765625,105416400,0.03231684066245499,333.56134033203125,347.10066986083984,42.67654379491073,0.030674348556421642
2022-04-22,338.3033447265625,344.95001220703125,331.3333435058594,335.01666259765625,69696600,-0.003697576672395231,334.89800415039065,346.95283660888674,41.47664317546938,-0.881457795318532
2022-04-25,326.3233337402344,336.2066650390625,325.1000061035156,332.67333984375,68341200,-0.006994645387893739,334.4800048828125,346.7425033569336,32.14139088146058,-0.9160689607732129
2022-04-26,331.80999755859375,333.3333435058594,291.6666564941406,292.1400146484375,136133700,-0.12184121881948873,324.3646728515625,343.1521713256836,27.629233035777787,0.8150638665002543
2022-04-27,299.52667236328125,306.0,292.4533386230469,293.836669921875,76956300,0.005807678470473254,317.98533935546874,339.51783752441406,31.325469005479803,-0.6960758579927631
2022-04-28,299.99334716796875,300.0,273.8999938964844,292.5033264160156,124948500,-0.004537702888526063,309.2340026855469,335.9098373413086,29.208593294309352,0.5294413138636177
2022-04-29,300.75,311.4666748046875,290.0,290.2533264160156,88133100,-0.007692220213591394,300.2813354492188,332.46250305175784,31.00307176565377,-0.41066780571751005
2022-05-02,286.92333984375,302.1199951171875,282.6766662597656,300.9800109863281,75781500,0.03695628471433299,293.9426696777344,329.43500366210935,40.63919466863422,-0.7260752656776968
2022-05-03,301.05999755859375,308.02667236328125,296.1966552734375,303.0833435058594,63709500,0.006988279761963367,296.13133544921874,325.4983367919922,39.91328686288842,-1.0343429278946867
2022-05-04,301.3133239746094,318.5,295.09332275390625,317.5400085449219,81643800,0.04769864576468552,300.87200317382815,323.1876708984375,41.12843837990037,-0.5763769956135267
2022-05-05,313.00665283203125,315.20001220703125,285.8999938964844,291.09332275390625,92519100,-0.08328615317548016,300.5900024414062,320.31300354003906,37.16097793985357,-0.29866797416650626
2022-05-06,295.6666564941406,296.0,281.03668212890625,288.54998779296875,72903000,-0.008737180698190294,300.24933471679685,317.11950225830077,33.62854839166533,-0.7995799430875382
2022-05-09,278.8166809082031,281.8766784667969,260.3833312988281,262.3699951171875,90810300,-0.09072948807249681,292.52733154296874,313.14650268554686,24.79188560678712,-0.34230347625368257
2022-05-10,273.10333251953125,275.1199951171875,258.0833435058594,266.67999267578125,84401700,0.016427173986372612,285.2466613769531,310.2150024414062,29.871841173259483,-0.5059519305349783
2022-05-11,265.0,269.92333984375,242.39999389648438,244.6666717529297,97224600,-0.08254582843646041,270.6719940185547,305.99916915893556,21.04775147988927,-0.17850946815573365
2022-05-12,233.6666717529297,253.22000122070312,226.6666717529297,242.6666717529297,140313000,-0.008174386751047313,260.9866638183594,301.09300231933594,20.94754904271504,0.9217854570157833
2022-05-13,257.82666015625,262.45001220703125,250.52333068847656,256.5299987792969,92150700,0.05712909369145702,254.582666015625,297.5028350830078,27.664897689097742,-0.3080753471586152
2022-05-16,255.72000122070312,256.586669921875,239.69667053222656,241.4566650390625,86098500,-0.05875856161837267,250.4,292.8375015258789,32.52258194736501,-0.4626228575354928
2022-05-17,249.1199951171875,254.82666015625,242.9499969482422,253.8699951171875,80236200,0.05141017778952928,247.83800048828124,288.3951675415039,37.1665868025239,-0.6123211275996628
2022-05-18,248.17333984375,253.5,233.60333251953125,236.60333251953125,87811800,-0.06801379812405906,246.22533264160157,283.9386672973633,33.71655135604509,-0.41887244454043243
2022-05-19,235.6666717529297,244.6666717529297,231.3699951171875,236.47332763671875,90296700,-0.0005494634476534976,244.98666381835938,278.94933319091797,34.138189575251346,-0.35541864120685074
2022-05-20,237.99667358398438,240.52667236328125,211.0,221.3000030517578,144973200,-0.06416505716141863,237.94066467285157,273.26350021362305,27.099933649168563,1.040787193220523
2022-05-23,218.33999633789062,226.65333557128906,212.68666076660156,224.96665954589844,88903500,0.01656871415985961,234.64266357421874,267.87816619873047,27.749179435375723,-0.3909950582877578
2022-05-24,217.8433380126953,217.97332763671875,206.85667419433594,209.3866729736328,89092500,-0.06925464690507588,225.74599914550782,263.74049911499026,19.389402990450435,-0.386168800156627
2022-05-25,207.9499969482422,223.10667419433594,207.6699981689453,219.60000610351562,92139300,0.04877737911795821,222.3453338623047,260.02866592407224,27.717749325214925,-0.3083664547919215
2022-05-26,220.47332763671875,239.55667114257812,217.8866729736328,235.91000366210938,106003200,0.07427138936829314,222.2326690673828,257.19899978637693,34.8903505890453,0.04565873094450396
2022-05-27,241.0833282470703,253.26666259765625,240.17666625976562,253.2100067138672,89295000,0.07333306253742577,228.6146697998047,255.34683380126953,47.22950615245324,-0.380997809301844
2022-05-31,257.9466552734375,259.6000061035156,244.7433319091797,252.75332641601562,101914500,-0.001803563389055185,234.17200317382813,252.9354995727539,45.68726940756646,-0.058749319958959184
2022-06-01,251.72000122070312,257.32666015625,243.63999938964844,246.7899932861328,77247900,-0.02359349020027357,241.6526672363281,250.12083206176757,50.73011550971564,-0.6886296311618755
2022-06-02,244.1566619873047,264.2099914550781,242.06666564941406,258.3333435058594,93473100,0.04677398003874078,249.3993347167969,247.16049880981444,55.05528742875076,-0.27430686169508406
2022-06-03,243.22666931152344,247.79666137695312,233.4166717529297,234.51666259765625,112393800,-0.09219359988526965,249.12066650390625,244.33166580200196,43.325517029007365,0.20884754159426344
2022-06-06,244.35333251953125,244.86666870117188,234.35000610351562,238.27999877929688,84204600,0.0160472016783606,246.1346649169922,241.81816635131835,48.96590659829734,-0.5109850283003005
2022-06-07,234.0,239.99667358398438,230.0933380126953,238.8866729736328,72808500,0.0025460558898939833,243.36133422851563,240.6440002441406,44.716369409635945,-0.8019930721531036
2022-06-08,240.086669921875,249.9633331298828,239.17666625976562,241.86666870117188,76210500,0.012474516432601446,242.37666931152344,239.40333404541016,52.06399906175878,-0.715120425792749
2022-06-09,249.33999633789062,255.54666137695312,239.32666015625,239.7066650390625,96491400,-0.008930555308462429,238.65133361816407,239.15533370971679,51.24807134986544,-0.1972322854136443
2022-06-10,235.1566619873047,239.5,227.913330078125,232.22999572753906,97536600,-0.031190911234383223,238.19400024414062,238.63349990844728,54.485509143122655,-0.17054231187577168
2022-06-13,223.1666717529297,226.63333129882812,214.68333435058594,215.73666381835938,102767400,-0.07102153990705962,233.68533325195312,236.59383316040038,46.572937642112755,-0.036969872551332376
2022-06-14,218.2866668701172,226.3300018310547,211.73666381835938,220.88999938964844,97988700,0.023887157055640484,230.08599853515625,235.56549987792968,54.62959983434001,-0.1589975959970191
2022-06-15,220.9166717529297,235.663330078125,218.14999389648438,233.0,119131800,0.05482367080362738,228.3126647949219,234.52200012207032,55.311834419311815,0.38090747433267286
2022-06-16,222.73666381835938,225.1666717529297,208.69332885742188,213.10000610351562,107390700,-0.08540769912654234,222.9913330078125,233.34683380126953,41.20821704084148,0.08108959420875791
2022-06-17,213.43333435058594,220.97000122070312,213.19667053222656,216.75999450683594,92641800,0.017174980283869212,219.89733276367187,232.36116714477538,34.30007203285119,-0.29553473674486735
2022-06-21,224.60333251953125,243.57666015625,224.3333282470703,237.0366668701172,122793000,0.0935443480214786,224.15733337402344,233.14800033569335,44.21770777346997,0.47439898898714966
2022-06-22,234.50332641601562,246.8333282470703,233.82666015625,236.086669921875,101107500,-0.004007805884153504,227.19666748046876,233.7040008544922,45.91132977361063,-0.0793566761061685
2022-06-23,237.9066619873047,239.31666564941406,228.6366729736328,235.07000732421875,104202600,-0.004306310889948484,227.6106689453125,234.9881675720215,40.336203805920086,-0.0003209536635073237
2022-06-24,237.47000122070312,246.06666564941406,236.086669921875,245.7066650390625,95770800,0.04524889345059324,234.1320007324219,236.29350051879882,55.220029821908476,-0.21563335212947954
2022-06-27,249.36666870117188,252.07000732421875,242.56666564941406,244.9199981689453,89178300,-0.0032016505127857586,239.76400146484374,236.74400024414064,53.18597680841353,-0.3839778321796375
2022-06-28,244.48333740234375,249.97000122070312,232.3433380126953,232.663330078125,90391200,-0.0500435578248114,238.88933410644532,235.7166664123535,47.31420542749751,-0.35300551214128534
2022-06-29,230.5,231.17333984375,222.27333068847656,228.49000549316406,82897200,-0.01793718238090891,237.37000122070313,234.50350036621094,44.285917835605765,-0.544370477404218
2022-06-30,224.50999450683594,229.4566650390625,218.8633270263672,224.47332763671875,94600500,-0.017579227799377373,235.25066528320312,233.38766708374024,43.59441300320071,-0.24551784890652917
2022-07-01,227.0,230.22999572753906,222.1199951171875,227.26333618164062,74460300,0.012429131666979787,231.56199951171874,231.83416671752929,47.82583603733127,-0.7598131082324588
2022-07-05,223.0,233.14666748046875,216.1666717529297,233.06666564941406,84581100,0.025535704813974602,229.1913330078125,231.76166687011718,58.369556934982924,-0.5013708156740002
2022-07-06,230.77999877929688,234.56333923339844,227.18666076660156,231.73333740234375,71853600,-0.005720802000385383,229.00533447265624,231.43433380126953,55.43743887339273,-0.8263771668061026
2022-07-07,233.9199981689453,245.3633270263672,232.2100067138672,244.5433349609375,81930600,0.055279044880592876,232.21600036621095,231.71716690063477,55.7481018067408,-0.5690533404177156
2022-07-08,242.3333282470703,254.97999572753906,241.16000366210938,250.76333618164062,101854200,0.02543516968760029,237.4740020751953,232.1620002746582,71.71298198994499,-0.06028912612460568
2022-07-11,252.10333251953125,253.06333923339844,233.6266632080078,234.3433380126953,99241200,-0.06548005948146851,238.89000244140624,231.89383392333986,58.836739989840765,-0.12701405996928716
2022-07-12,236.84666442871094,239.77333068847656,228.3699951171875,233.07000732421875,87930900,-0.005433611636988744,238.8906707763672,231.93583450317382,47.53582760812646,-0.4158311358451008
2022-07-13,225.5,242.05999755859375,225.03334045410156,237.0399932861328,97954500,0.017033448479672808,239.952001953125,233.0010009765625,50.57080693940147,-0.15987091889693802
2022-07-14,234.89666748046875,238.65333557128906,229.3333282470703,238.31333923339844,78557400,0.005371861218914864,238.70600280761718,233.87216796875,51.936009624168854,-0.6551905569676121
2022-07-15,240.0,243.6233367919922,236.88999938964844,240.06666564941406,69683100,0.0073572315408600986,236.56666870117186,234.2255012512207,46.23397424467659,-0.8818025280421842
2022-07-18,244.93666076660156,250.51666259765625,239.60333251953125,240.54666137695312,82537500,0.001999426810217919,237.80733337402344,235.59783401489258,47.06776037257862,-0.5535556893077511
2022-07-19,245.0,247.13999938964844,236.97666931152344,245.52999877929688,80890200,0.020716718219316865,240.29933166503906,237.0363342285156,59.55919096207929,-0.5956207423205118
2022-07-20,246.78334045410156,250.663330078125,243.48333740234375,247.5,88864200,0.008023464466653252,242.3913330078125,237.55950088500975,64.60135835965472,-0.39199861354994536
2022-07-21,255.10667419433594,273.26666259765625,254.86666870117188,271.7066650390625,142032300,0.09780470722853529,249.06999816894532,239.34050064086915,77.69093199812643,0.9656890845546892
2022-07-22,276.2200012207031,280.78668212890625,270.71331787109375,272.24334716796875,103472700,0.0019752262198982073,255.50533447265624,241.19916763305665,77.08551709842122,-0.018959502922302966
2022-07-25,272.2166748046875,274.14666748046875,267.3999938964844,268.4333190917969,64073400,-0.013994935471540293,261.082666015625,242.33550033569335,71.82048559613288,-1.025050465810462
2022-07-26,266.5133361816406,267.30999755859375,256.2633361816406,258.8599853515625,66820800,-0.0356637312112531,263.7486633300781,243.03249969482422,65.19189014769299,-0.954893526183643
2022-07-27,263.80999755859375,275.9266662597656,261.7900085449219,274.82000732421875,88110000,0.061655036992220635,269.21266479492186,245.1403335571289,66.3781536133082,-0.41125768171131494
2022-07-28,280.0666809082031,283.29998779296875,272.79998779296875,280.8999938964844,84723000,0.02212352234272652,271.05133056640625,247.7608329772949,66.32714538913285,-0.49774729171205595
2022-07-29,280.70001220703125,298.32000732421875,279.1000061035156,297.1499938964844,95313000,0.05784976985791013,276.03265991210935,251.3946662902832,84.08957229858515,-0.22732362182488527
2022-08-01,301.27667236328125,311.8766784667969,295.0,297.27667236328125,117042900,0.00042631152414229767,281.80133056640625,254.89533309936525,85.2887069375005,0.32756583089288904
2022-08-02,294.0033264160156,307.8333435058594,292.6666564941406,300.586669921875,95577600,0.011134400598203698,290.14666748046875,258.2713333129883,85.181200379335,-0.22056686044130214
2022-08-03,305.0,309.54998779296875,301.1499938964844,307.39666748046875,80091000,0.02265568716125621,296.66199951171876,262.0544998168945,86.0371887610682,-0.616028919560722
2022-08-04,311.0,313.6066589355469,305.0,308.6333312988281,72256200,0.004023022853486102,302.2086669921875,265.2589996337891,85.96151682304516,-0.8160964709140748
2022-08-05,302.6700134277344,304.6066589355469,285.5433349609375,288.1700134277344,113172900,-0.0663030068235908,300.4126708984375,267.12933349609375,70.64893780873729,0.22874245011259153
2022-08-08,295.0,305.20001220703125,289.086669921875,290.42333984375,98994000,0.007819434052879659,299.04200439453126,269.9333335876465,69.9372309914153,-0.13332649917571857
2022-08-09,290.2933349609375,292.39666748046875,279.35333251953125,283.3333435058594,86244600,-0.024412625864385085,295.5913391113281,272.44650039672854,65.22145504824589,-0.4588920833928568
2022-08-10,297.0666809082031,297.510009765625,283.3699951171875,294.3566589355469,94918800,0.03890581776676605,292.98333740234375,275.31233367919924,60.834897070704095,-0.23738981735552953
2022-08-11,296.5133361816406,298.2366638183594,285.8333435058594,286.6300048828125,70155000,-0.026249292544206493,288.5826721191406,277.7281669616699,56.43909696221024,-0.8697522041687417
2022-08-12,289.4166564941406,300.1600036621094,285.0333251953125,300.0299987792969,79657200,0.046750143628413676,290.9546691894531,280.72633361816406,63.02383526891221,-0.6271063310807461
2022-08-15,301.78668212890625,313.1333312988281,301.2300109863281,309.32000732421875,89359200,0.03096359891583922,294.7340026855469,284.16500091552734,70.84780998098135,-0.37935841368269796
2022-08-16,311.6666564941406,314.6666564941406,302.8833312988281,306.5633239746094,88136400,-0.008912075793144236,299.3799987792969,287.21666717529297,64.72097561942124,-0.41058353771839506
2022-08-17,303.39666748046875,309.65667724609375,300.0333251953125,303.9966735839844,68766000,-0.008372333511224461,301.30800170898436,290.0415008544922,61.07188521304578,-0.905221371068957
2022-08-18,306.0,306.5,301.85333251953125,302.8699951171875,47500500,-0.0037062197211366055,304.5559997558594,291.59966735839845,53.20699912977984,-1.4482520180930956
2022-08-19,299.0,300.3599853515625,292.5,296.6666564941406,61395300,-0.020481852686155544,303.8833312988281,292.82083282470705,49.67980395781467,-1.0934377774558663
2022-08-22,291.913330078125,292.3999938964844,286.2966613769531,289.913330078125,55843200,-0.022764022407583906,300.0019958496094,293.89483337402345,44.593036917939514,-1.2352148556032279
2022-08-23,291.4533386230469,298.82666015625,287.92333984375,296.4533386230469,63984900,0.0225584954757323,297.97999877929686,295.77450103759764,44.441058079534244,-1.027310380332182
2022-08-24,297.5633239746094,303.64666748046875,296.5,297.0966796875,57259800,0.002170125887066332,296.6,296.8883346557617,44.10412516130361,-1.1990409018013237
2022-08-25,302.3599853515625,302.9599914550781,291.6000061035156,296.07000732421875,53230000,-0.003455684406709514,295.24000244140626,297.64683532714844,55.03826180580776,-1.301944896599371
2022-08-26,297.42999267578125,302.0,287.4700012207031,288.0899963378906,57163900,-0.026953121859416895,293.52467041015626,297.19383544921874,48.613196462534596,-1.2014897809271197
2022-08-29,282.8299865722656,287.739990234375,280.70001220703125,284.82000732421875,41864700,-0.01135058160727187,292.506005859375,296.5710021972656,50.925616637576674,-1.5921664391271009
2022-08-30,287.8699951171875,288.4800109863281,272.6499938964844,277.70001220703125,50541800,-0.0249982267189629,288.7553405761719,295.4266693115234,39.09953127215573,-1.3705901193935817
2022-08-31,280.6199951171875,281.25,271.80999755859375,275.6099853515625,52107300,-0.007526203685978228,284.4580017089844,293.83733520507815,42.2138407958311,-1.3306138913285803
2022-09-01,272.5799865722656,277.5799865722656,266.1499938964844,277.1600036621094,54287000,0.005623955563764049,280.6760009765625,292.2636688232422,30.591261504290927,-1.274953601125269
2022-09-02,281.07000732421875,282.3500061035156,269.0799865722656,270.2099914550781,50890100,-0.02507581222110289,277.1,291.36566772460935,15.436319081809401,-1.361696015123355
2022-09-06,272.67999267578125,275.989990234375,265.739990234375,274.4200134277344,55860000,0.015580556255471167,275.02000122070314,290.5655014038086,22.304617860354554,-1.2347858548804607
2022-09-07,273.1000061035156,283.8399963378906,272.2699890136719,283.70001220703125,50028900,0.03381677109982606,276.2200012207031,290.5838348388672,34.32531405652476,-1.3836874093166345
2022-09-08,281.29998779296875,289.5,279.760009765625,289.260009765625,53713100,0.01959815762903916,278.95000610351565,290.3290023803711,40.16289156796589,-1.2896085722440838
2022-09-09,291.6700134277344,299.8500061035156,291.25,299.67999267578125,54338100,0.03602289482946186,283.45400390625,290.9815017700195,52.05286585403885,-1.2736487239268521
2022-09-12,300.7200012207031,305.489990234375,300.3999938964844,304.4200134277344,48674600,0.01581694096302666,290.29600830078124,291.2010025024414,60.16157449626612,-1.4182704854382773
2022-09-13,292.8999938964844,297.3999938964844,290.3999938964844,292.1300048828125,68229600,-0.04037188096320543,293.8380065917969,290.3415023803711,47.197375641914874,-0.9189187512887378
2022-09-14,292.239990234375,306.0,291.6400146484375,302.6099853515625,72628700,0.03587437200418364,297.6200012207031,290.1438354492187,53.16977842782078,-0.8065844013170048
2022-09-15,301.8299865722656,309.1199951171875,300.7200012207031,303.75,64795500,0.003767273730617582,300.51799926757815,290.13150177001955,54.40973001009308,-1.0066110954586653
2022-09-16,299.6099853515625,303.7099914550781,295.6000061035156,303.3500061035156,87087800,-0.0013168523341049454,301.252001953125,290.15550231933594,59.59748305028141,-0.4373603328311134
2022-09-19,300.0899963378906,309.8399963378906,297.79998779296875,309.07000732421875,60231200,0.018856110452001085,302.1820007324219,290.77566986083986,64.7955938540371,-1.123163952537609
2022-09-20,306.9100036621094,313.3299865722656,305.5799865722656,308.7300109863281,61642800,-0.0011000625419275156,305.502001953125,291.71650390625,70.63986167435255,-1.0871176775222426
2022-09-21,308.2900085449219,313.79998779296875,300.6300048828125,300.79998779296875,62555700,-0.025685948599634356,305.14000244140624,291.93383636474607,65.54745119489719,-1.0638060846761614
2022-09-22,299.8599853515625,301.2900085449219,285.82000732421875,288.5899963378906,70545400,-0.040591728559117746,302.1080017089844,291.5085021972656,56.234311768520605,-0.8597830445158662
2022-09-23,283.0899963378906,284.5,272.82000732421875,275.3299865722656,63748400,-0.04594757245188685,296.5039978027344,290.471501159668,52.61277451948384,-1.0333495869354223
2022-09-26,271.8299865722656,284.0899963378906,270.30999755859375,276.010009765625,58076900,0.0024698479153155706,289.8919982910156,289.8675018310547,50.84171287382401,-1.1781756345053078
2022-09-27,283.8399963378906,288.6700134277344,277.510009765625,282.94000244140625,61925200,0.02510775852537339,284.73399658203124,289.77350158691405,49.587399856988256,-1.0799063796585846
2022-09-28,283.0799865722656,289.0,277.57000732421875,287.80999755859375,54664800,0.017212112374233923,282.13599853515626,290.2790008544922,49.20686376498836,-1.2653061920144688
2022-09-29,282.760009765625,283.6499938964844,265.7799987792969,268.2099914550781,77620600,-0.06810050474193607,278.05999755859375,289.909001159668,34.35730029261545,-0.679112454413344
2022-09-30,266.1499938964844,275.57000732421875,262.4700012207031,265.25,67726600,-0.011036096899372572,276.04400024414065,289.3135009765625,30.17913050407266,-0.9317632372144456
2022-10-03,254.5,255.16000366210938,241.00999450683594,242.39999389648438,98363500,-0.08614516909902215,269.3219970703125,287.9230010986328,27.265246717414882,-0.14942679415814172
2022-10-04,250.52000427246094,257.5,242.00999450683594,249.44000244140625,109578500,0.029042940273044104,262.6219970703125,286.6740005493164,24.903258779020916,0.13695672404626047
2022-10-05,245.00999450683594,246.6699981689453,233.27000427246094,240.80999755859375,86982700,-0.034597517632881325,253.2219970703125,284.52949981689454,22.25358047306264,-0.44004414092413907
2022-10-06,239.44000244140625,244.5800018310547,235.35000610351562,238.1300048828125,69298400,-0.011129075632041241,247.20599975585938,281.9729995727539,21.815048774035233,-0.8916261338784065
2022-10-07,233.94000244140625,234.57000732421875,222.02000427246094,223.07000732421875,83916800,-0.06324275500689214,238.77000122070314,278.14250030517576,15.611015221686799,-0.5183342192534192
2022-10-10,223.92999267578125,226.99000549316406,218.36000061035156,222.9600067138672,67925000,-0.0004931214719139376,234.8820037841797,274.0694999694824,15.639782672667494,-0.9266969429646237
2022-10-11,220.9499969482422,225.75,215.0,216.5,77013200,-0.02897383620084637,228.29400329589845,270.2879997253418,15.826183947668326,-0.6946228734019623
2022-10-12,215.3300018310547,219.3000030517578,211.50999450683594,217.24000549316406,66860700,0.003418039229395209,223.5800048828125,266.0195007324219,18.110322354929366,-0.9538746494670709
2022-10-13,208.3000030517578,222.99000549316406,206.22000122070312,221.72000122070312,91483000,0.020622332969329804,220.29800415039062,261.91800079345705,23.998461836311677,-0.3251255723128799
2022-10-14,224.00999450683594,226.25999450683594,204.16000366210938,204.99000549316406,94124500,-0.07545550981161053,216.6820037841797,257.00000076293946,20.194726944647115,-0.2576728693849327
2022-10-17,210.0399932861328,221.86000061035156,209.4499969482422,219.35000610351562,79428800,0.07005219876844393,215.9600036621094,252.5140007019043,24.879516213110435,-0.6329386980497952
2022-10-18,229.5,229.82000732421875,217.25,220.19000244140625,75891900,0.003829479437051919,216.69800415039063,248.0870002746582,22.409013219385116,-0.723256118070941
2022-10-19,219.8000030517578,222.92999267578125,217.77999877929688,222.0399932861328,66571500,0.008401793106927569,217.6580017089844,244.1490005493164,27.970225628855374,-0.9612595904804203
2022-10-20,208.27999877929688,215.5500030517578,202.0,207.27999877929688,117798100,-0.0664744863679374,214.77000122070314,240.08350067138673,25.139376000707784,0.34685043481156624
2022-10-21,206.4199981689453,214.66000366210938,203.8000030517578,214.44000244140625,75713800,0.03454266549727758,216.66000061035157,237.03900146484375,36.14470111674985,-0.7278040364474193
2022-10-24,205.82000732421875,213.5,198.58999633789062,211.25,100446800,-0.014875967194030837,215.03999938964844,233.8010009765625,30.324571228759538,-0.09622815095928028
2022-10-25,210.10000610351562,224.35000610351562,210.0,222.4199981689453,96507900,0.05287573097725584,215.48599853515626,230.77500076293944,40.7671438480133,-0.19681094541806937
2022-10-26,219.39999389648438,230.60000610351562,218.1999969482422,224.63999938964844,85012500,0.009981122376490958,216.00599975585936,227.6165008544922,43.195800007480855,-0.49035468997151427
2022-10-27,229.77000427246094,233.80999755859375,222.85000610351562,225.08999633789062,61638800,0.00200319154854367,219.56799926757813,225.46050109863282,51.19497709195462,-1.087219820551473
2022-10-28,225.39999389648438,228.86000061035156,216.35000610351562,228.52000427246094,69152400,0.015238384603380561,222.38399963378907,223.62400131225587,53.164843915297034,-0.8953543544453118
2022-10-31,226.19000244140625,229.85000610351562,221.94000244140625,227.5399932861328,61554300,-0.004288512900427199,225.64199829101562,222.8810012817383,56.70227853588993,-1.0893775920439626
2022-11-01,234.0500030517578,237.39999389648438,227.27999877929688,227.82000732421875,62688800,0.0012306146011606955,226.7220001220703,221.8000015258789,56.45909685491986,-1.0604072753785239
2022-11-02,226.0399932861328,227.8699951171875,214.82000732421875,214.97999572753906,63070300,-0.05636033352596026,224.78999938964844,220.50850143432618,46.266339671775526,-1.0506653839656859
2022-11-03,211.36000061035156,221.1999969482422,210.13999938964844,215.30999755859375,56538800,0.0015350350619269815,222.83399963378906,219.36750106811525,56.986181773708495,-1.217452182820082
2022-11-04,222.60000610351562,223.8000030517578,203.0800018310547,207.47000122070312,98622200,-0.03641259777431871,218.6239990234375,218.58750076293944,41.179091071414,-0.14282069374267325
2022-11-07,208.64999389648438,208.89999389648438,196.66000366210938,197.0800018310547,93916500,-0.05007952633400592,212.53200073242186,217.29350051879882,34.97204342472264,-0.2629843069049073
2022-11-08,194.02000427246094,195.1999969482422,186.75,191.3000030517578,128803400,-0.02932818513088775,205.22799987792968,216.03350067138672,30.98244503761076,0.6278791047085709
2022-11-09,190.77999877929688,195.88999938964844,177.1199951171875,177.58999633789062,127062700,-0.07166757185130745,197.75,214.05100021362304,31.39025710574792,0.583429011963283
2022-11-10,189.89999389648438,191.0,180.02999877929688,190.72000122070312,132703000,0.07393437216942544,192.83200073242188,212.50100021362306,36.16749064790196,0.7274583439051725
2022-11-11,186.0,196.52000427246094,182.58999633789062,195.97000122070312,114403600,0.027527264924482875,190.53200073242186,212.05,41.29841100133749,0.26016930663101845
2022-11-14,192.77000427246094,195.72999572753906,186.33999633789062,190.9499969482422,92226600,-0.02561618738169713,189.30599975585938,210.62999954223633,30.728732364570632,-0.3061371831789706
2022-11-15,195.8800048828125,200.82000732421875,192.05999755859375,194.4199981689453,91293800,0.018172303095892017,189.92999877929688,209.34149932861328,31.77323208915692,-0.3299569375954723
2022-11-16,191.50999450683594,192.57000732421875,185.66000366210938,186.9199981689453,66567600,-0.03857627852399581,191.7959991455078,207.58549957275392,28.782671726576254,-0.9613591799339198
2022-11-17,183.9600067138672,186.16000366210938,180.89999389648438,183.1699981689453,64336000,-0.020062058831236462,190.28599853515624,206.37999954223633,24.880923363294215,-1.0183447759414939
2022-11-18,185.0500030517578,185.19000244140625,176.5500030517578,180.19000244140625,76048900,-0.016269016527425406,187.12999877929687,204.66749954223633,24.34162079136975,-0.7192470041736524
2022-11-21,175.85000610351562,176.77000427246094,167.5399932861328,167.8699951171875,92882700,-0.06837231343190053,182.51399841308594,202.4984992980957,21.26354325048544,-0.2893831728094736
2022-11-22,168.6300048828125,170.9199981689453,166.19000244140625,169.91000366210938,78452300,0.012152311933396831,177.61199951171875,199.8729995727539,25.900983849773013,-0.6578743650606377
2022-11-23,173.57000732421875,183.6199951171875,172.5,183.1999969482422,109536700,0.07821783885404354,176.8679992675781,197.8009994506836,34.920636967997254,0.135889329390804
2022-11-25,185.05999755859375,185.1999969482422,180.6300048828125,182.86000061035156,50672700,-0.0018558752377418886,176.80599975585938,195.68949966430665,37.56694123848557,-1.3672474887620207
2022-11-28,179.9600067138672,188.5,179.0,182.9199981689453,92905200,0.0003281065208000644,177.35199890136718,193.40949935913085,42.01263463331401,-0.2888086182700533
2022-11-29,184.99000549316406,186.3800048828125,178.75,180.8300018310547,83357100,-0.011425739989130657,179.94400024414062,191.07399978637696,43.83755166792282,-0.5326265826184664
2022-11-30,182.42999267578125,194.75999450683594,180.6300048828125,194.6999969482422,109186400,0.07670184691003823,184.9019989013672,189.41799926757812,60.051698089325676,0.1269441536059621
2022-12-01,197.0800018310547,198.9199981689453,191.8000030517578,194.6999969482422,80046200,0.0,187.20199890136718,188.40399932861328,52.76465404541302,-0.6171729214881012
2022-12-02,191.77999877929688,196.25,191.11000061035156,194.86000061035156,73645900,0.0008217959148295595,189.60199890136718,187.38149948120116,49.17027909965616,-0.7806094289837442
2022-12-05,189.44000244140625,191.27000427246094,180.5500030517578,182.4499969482422,93122700,-0.06368676805520912,189.50799865722655,186.13049926757813,44.278405937205605,-0.28325459105565676
2022-12-06,181.22000122070312,183.64999389648438,175.3300018310547,179.82000732421875,92150800,-0.01441485156488942,189.30599975585938,185.26749954223632,40.05991735236694,-0.3080727935828844
2022-12-07,175.02999877929688,179.3800048828125,172.22000122070312,174.0399932861328,84213300,-0.032143331123685615,185.1739990234375,184.40449905395508,41.02063255466421,-0.5107628672117246
2022-12-08,172.1999969482422,175.1999969482422,169.05999755859375,173.44000244140625,97624500,-0.003447430865732959,180.9220001220703,184.19699935913087,42.905062816505314,-0.16829771880843625
2022-12-09,173.83999633789062,182.5,173.36000061035156,179.0500030517578,104872300,0.0323454827685834,177.76000061035157,183.6134994506836,49.19943859655139,0.01678034300537258
2022-12-12,176.10000610351562,177.3699951171875,167.52000427246094,167.82000732421875,109794500,-0.0627198857086465,174.83400268554686,182.20599975585938,49.96435044685997,0.14247244762469566
2022-12-13,174.8699951171875,175.0500030517578,156.91000366210938,160.9499969482422,175862700,-0.04093677795344208,171.06000061035155,180.70599975585938,44.02187867204124,1.8295739685727193
2022-12-14,159.25,161.6199951171875,155.30999755859375,156.8000030517578,140682300,-0.025784367661833008,167.61200256347655,178.825,29.939210642752258,0.931215812189469
2022-12-15,153.44000244140625,160.92999267578125,153.27999877929688,157.6699981689453,122334500,0.005548438139381551,164.45800170898437,177.3625,31.011602939221106,0.46269084426162865
2022-12-16,159.63999938964844,160.99000549316406,150.0399932861328,150.22999572753906,139032200,-0.047187179094365206,158.69400024414062,175.7154998779297,27.825256931871394,0.8890792590562471
2022-12-19,154.0,155.25,145.82000732421875,149.8699951171875,139390600,-0.00239632976495896,155.10399780273437,174.19949951171876,28.494020178149242,0.8982312744752804
2022-12-20,146.0500030517578,148.47000122070312,137.66000366210938,137.8000030517578,159563300,-0.08053641461716088,150.4739990234375,172.69599990844728,9.46138512770159,1.413356445913706
2022-12-21,139.33999633789062,141.25999450683594,135.88999938964844,137.57000732421875,145417400,-0.0016690545895901021,146.62799987792968,171.07900009155273,9.430479311562166,1.0521301766165456
2022-12-22,136.0,136.6300048828125,122.26000213623047,125.3499984741211,210090300,-0.08882756559936855,140.16399993896485,168.18650016784667,7.857398121856988,2.7036016553933164
2022-12-23,126.37000274658203,128.6199951171875,121.0199966430664,123.1500015258789,166989700,-0.017550833466474902,134.7480010986328,165.20100021362305,8.967612654745764,1.602995193982647
2022-12-27,117.5,119.66999816894531,108.76000213623047,109.0999984741211,208643400,-0.1140885333144338,126.59400177001953,161.51000022888184,7.743780716905988,2.666653968144993
2022-12-28,110.3499984741211,116.2699966430664,108.23999786376953,112.70999908447266,221070500,0.03308891531476843,121.5760009765625,158.10400009155273,12.378846721030598,2.983989377781901
2022-12-29,120.38999938964844,123.56999969482422,117.5,121.81999969482422,221923300,0.0808269069678893,118.42599945068359,154.46000022888182,21.328591051131767,3.0057662716137967
2022-12-30,119.94999694824219,124.4800033569336,119.75,123.18000030517578,157777300,0.011164017515666869,117.99199981689453,150.8840003967285,17.430334071781417,1.3677495833623852
2023-01-03,118.47000122070312,118.80000305175781,104.63999938964844,108.0999984741211,231402800,-0.12242248574195735,114.98199920654297,146.546000289917,16.68154038168936,3.2478324830109107
2023-01-04,109.11000061035156,114.58999633789062,107.5199966430664,113.63999938964844,180389000,0.05124885285593783,115.88999938964844,143.1055004119873,23.207610626229112,1.9451564668739751
2023-01-05,110.51000213623047,111.75,107.16000366210938,110.33999633789062,157986300,-0.029039097760312105,115.41599884033204,139.6314998626709,23.433208247563726,1.3730865566396675
2023-01-06,103.0,114.38999938964844,101.80999755859375,113.05999755859375,220911100,0.024651090365942707,113.66399841308593,136.58250007629394,25.01960110805217,2.979918978067074
2023-01-09,118.95999908447266,123.5199966430664,117.11000061035156,119.7699966430664,190284000,0.059349011404278285,112.98199768066407,133.89899978637695,32.80262121721056,2.1978327854323845
2023-01-10,121.06999969482422,122.76000213623047,114.91999816894531,118.8499984741211,167642500,-0.007681374256751861,115.13199768066406,130.8889995574951,32.59650152206929,1.6196649363530289
2023-01-11,122.08999633789062,125.94999694824219,120.51000213623047,123.22000122070312,183810800,0.036769060182475055,117.047998046875,128.65899925231935,41.046426291740055,2.0325347212290197
2023-01-12,122.55999755859375,124.12999725341797,117.0,123.55999755859375,169400900,0.0027592625752506095,119.69199829101562,126.78949928283691,41.408066139250046,1.6645670120026608
2023-01-13,116.55000305175781,122.62999725341797,115.5999984741211,122.4000015258789,180714100,-0.009388119582672827,121.55999908447265,125.06949920654297,47.90691294370553,1.9534581415746664
2023-01-17,125.69999694824219,131.6999969482422,125.0199966430664,131.49000549316406,186477000,0.07426473736900463,123.90400085449218,123.7604995727539,55.39038461671222,2.100618157362464
2023-01-18,136.55999755859375,136.67999267578125,127.01000213623047,128.77999877929688,195680300,-0.020609982513142944,125.89000091552734,122.6879997253418,64.90457191558207,2.3356313925912264
2023-01-19,127.26000213623047,129.99000549316406,124.30999755859375,127.16999816894531,170291900,-0.012501946153228194,126.68000030517578,121.5529998779297,61.29334301486874,1.6873193717637058
2023-01-20,128.67999267578125,133.50999450683594,127.3499984741211,133.4199981689453,138858100,0.0491468120625187,128.6520004272461,121.33399963378906,59.483319434681434,0.8846334837089991
2023-01-23,135.8699951171875,145.3800048828125,134.27000427246094,143.75,203119200,0.07742468874848996,132.9220001220703,121.64299926757812,64.66561815545359,2.525589337626512
2023-01-24,143.0,146.5,141.10000610351562,143.88999938964844,158699100,0.0009739087975544347,135.4019989013672,122.56999931335449,82.4243471505205,1.3912884444485036
2023-01-25,141.91000366210938,146.41000366210938,138.07000732421875,144.42999267578125,192734300,0.003752820129427681,138.53199768066406,123.63399887084961,80.67343274397948,2.260403051563124
2023-01-26,159.97000122070312,161.4199981689453,154.75999450683594,160.27000427246094,234815100,0.10967259156647335,145.1519989013672,126.1924991607666,89.79754438864394,3.334968147671533
2023-01-27,162.42999267578125,180.67999267578125,161.1699981689453,177.89999389648438,306590600,0.11000180416824756,154.047998046875,129.45199890136718,91.75682434802775,5.167809896301053
2023-01-30,178.0500030517578,179.77000427246094,166.5,166.66000366210938,230878800,-0.06318150994943417,158.62999877929687,131.69399909973146,78.5323186184824,3.234451746181744
2023-01-31,164.57000732421875,174.3000030517578,162.77999877929688,173.22000122070312,196813500,0.03936155894904236,164.49599914550782,134.1959991455078,80.9588936238464,2.3645685127721654
2023-02-01,173.88999938964844,183.80999755859375,169.92999267578125,181.41000366210938,213806300,0.047280928205116535,171.89200134277343,137.86149940490722,81.7527060082467,2.798492529548248
2023-02-02,187.3300018310547,196.75,182.61000061035156,188.27000427246094,217448300,0.03781489703913388,177.49200134277345,141.59299964904784,82.964855189963,2.891493757662419
2023-02-03,183.9499969482422,199.0,183.69000244140625,189.97999572753906,232662000,0.009082654784473565,179.9080017089844,145.57499961853028,84.23505649192361,3.279987108612603
2023-02-06,193.00999450683594,198.1699981689453,189.9199981689453,194.75999450683594,186188100,0.025160537355481072,185.5279998779297,149.65999946594238,83.51520269669518,2.093240877076307
2023-02-07,196.42999267578125,197.5,189.5500030517578,196.80999755859375,186010300,0.010525791279409002,190.24599914550782,153.51199951171876,86.29041553144161,2.0887006194270206
2023-02-08,196.10000610351562,203.0,194.30999755859375,201.2899932861328,180673600,0.022763049555982517,194.2219970703125,157.63399925231934,88.3643964025895,1.9524239434037096
2023-02-09,207.77999877929688,214.0,204.77000427246094,207.32000732421875,215431400,0.029956849516678652,198.03199768066406,161.83899955749513,88.33783830209778,2.8399906887487805
2023-02-10,202.22999572753906,206.1999969482422,192.88999938964844,196.88999938964844,204754100,-0.05030873801899527,199.41399841308595,165.50549964904786,77.53938730455408,2.567337747248659
2023-02-13,194.4199981689453,196.3000030517578,187.61000061035156,194.63999938964844,172475500,-0.011427700782035255,199.38999938964844,169.11749954223632,75.73790540881453,1.7430792514205167
2023-02-14,191.94000244140625,209.82000732421875,189.44000244140625,209.25,216455700,0.0750616556523096,201.87799987792968,173.00549926757813,78.76797675181484,2.866146964958925
2023-02-15,211.75999450683594,214.66000366210938,206.11000061035156,214.24000549316406,181006400,0.02384709913101113,204.46800231933594,177.27849960327148,76.50525612165066,1.960922243435669
2023-02-16,210.77999877929688,217.64999389648438,201.83999633789062,202.0399932861328,229586500,-0.05694553722096751,203.41199951171876,181.02199935913086,62.5233421585625,3.2014518870131705
2023-02-17,199.99000549316406,208.44000244140625,197.5,208.30999755859375,213738500,0.031033480898909227,205.6959991455078,184.7664993286133,72.78195948084414,2.796761205202795
2023-02-21,204.99000549316406,209.7100067138672,197.22000122070312,197.3699951171875,180018600,-0.05251789433835996,206.24199829101562,187.44749908447267,62.60569164228404,1.935698022367251
2023-02-22,197.92999267578125,201.99000549316406,191.77999877929688,200.86000061035156,191828500,0.017682553475729224,204.56399841308593,190.2959991455078,60.67624764287917,2.237272762593927
2023-02-23,203.91000366210938,205.13999938964844,196.3300018310547,202.07000732421875,146360000,0.006024129792842503,202.12999877929687,193.1779998779297,58.075839924963375,1.0762001814546616
2023-02-24,196.3300018310547,197.6699981689453,192.8000030517578,196.8800048828125,142228100,-0.025684180003413215,201.0980010986328,195.00849990844728,53.87989460254158,0.9706889858355114
2023-02-27,202.02999877929688,209.4199981689453,201.25999450683594,207.6300048828125,161028300,0.0546017865369246,200.96200256347657,196.49500045776367,56.7815376649356,1.4507663303692966
2023-02-28,210.58999633789062,211.22999572753906,203.75,205.7100067138672,153144900,-0.009247209573726933,202.6300048828125,198.44750061035157,54.69607637119285,1.2494577412107961
2023-03-01,206.2100067138672,207.1999969482422,198.52000427246094,202.77000427246094,156852800,-0.014291975817664837,203.0120056152344,199.92500076293945,50.79382643098112,1.3441417757315364
2023-03-02,186.74000549316406,193.75,186.00999450683594,190.89999389648438,181500700,-0.05853928157947319,200.7780029296875,200.3995002746582,41.71209180529883,1.9735445682728012
2023-03-03,194.8000030517578,200.47999572753906,192.8800048828125,197.7899932861328,154193300,0.03609219282314147,200.96000061035156,200.8754997253418,50.471102085909884,1.2762294291720528
2023-03-06,198.5399932861328,198.60000610351562,192.3000030517578,193.80999755859375,128100100,-0.020122331071529054,198.1959991455078,201.06699981689454,49.5732640409428,0.6099198065941566
2023-03-07,191.3800048828125,194.1999969482422,186.10000610351562,187.7100067138672,148125800,-0.03147407730028162,194.59599914550782,200.7145004272461,37.86342993847481,1.1212912217083695
2023-03-08,185.0399932861328,186.5,180.0,182.0,151897800,-0.03041929843714275,190.44199829101564,199.9740005493164,31.980777959126726,1.217612098272525
2023-03-09,180.25,185.17999267578125,172.50999450683594,172.9199981689453,170023800,-0.04989011995084991,186.84599914550782,198.55550079345704,33.136445413704976,1.6804732352295464
2023-03-10,175.1300048828125,178.2899932861328,168.44000244140625,173.44000244140625,191488900,0.0030071956856769777,181.9760009765625,196.86150054931642,28.365812447411244,2.228600819412276
2023-03-13,167.4600067138672,177.35000610351562,163.91000366210938,174.47999572753906,167790300,0.005996271168666301,178.11000061035156,195.74100036621093,33.80959565838022,1.6234391212830879
2023-03-14,177.30999755859375,183.8000030517578,177.13999938964844,183.25999450683594,143717900,0.050320947926932424,177.21999816894532,195.1720001220703,38.41800239626012,1.0087321570723298
2023-03-15,180.8000030517578,182.33999633789062,176.02999877929688,180.4499969482422,145995600,-0.015333393227232373,176.90999755859374,193.73199996948242,36.06599003241952,1.066894951491783
2023-03-16,180.3699951171875,185.80999755859375,178.83999633789062,184.1300048828125,121136800,0.020393505108375454,179.1519989013672,192.22649993896485,41.619561737612244,0.4321066677343516
2023-03-17,184.52000427246094,186.22000122070312,177.3300018310547,180.1300048828125,133197100,-0.02172378153438792,180.48999938964843,191.13100051879883,30.16445679861306,0.740075561590843
2023-03-20,178.0800018310547,186.44000244140625,176.35000610351562,183.25,129684400,0.017320796272765726,182.24400024414064,189.87800064086915,34.07543579613895,0.6503761068965405
2023-03-21,188.27999877929688,198.0,188.0399932861328,197.5800018310547,153391400,0.07819919143822474,185.10800170898438,189.8885009765625,46.83188730962841,1.2557523053871122
2023-03-22,199.3000030517578,200.66000366210938,190.9499969482422,191.14999389648438,150376400,-0.03254381959196684,187.2480010986328,189.40300064086915,50.163462793258276,1.1787619971047874
2023-03-23,195.25999450683594,199.30999755859375,188.64999389648438,192.22000122070312,144193900,0.0055977366381618765,188.86600036621093,188.91050033569337,46.05803868107926,1.0208871775507333
2023-03-24,191.64999389648438,192.36000061035156,187.14999389648438,190.41000366210938,116312400,-0.009416281069083654,190.9220001220703,188.5870002746582,47.51752821917393,0.30891196017970884
2023-03-27,194.4199981689453,197.38999938964844,189.94000244140625,191.80999755859375,120851600,0.007352522816861606,192.63399963378907,187.79599990844727,53.21416583749752,0.42482386975023245
2023-03-28,192.0,192.35000610351562,185.42999267578125,189.19000244140625,98654600,-0.013659325116185062,190.95599975585938,186.96999969482422,55.923547662028774,-0.14199333520590798
2023-03-29,193.1300048828125,195.2899932861328,189.44000244140625,193.8800048828125,123660000,0.024789906342217005,191.502001953125,186.5254997253418,68.61456978483483,0.49653849057281324
2023-03-30,195.5800018310547,197.3300018310547,194.4199981689453,195.27999877929688,110252200,0.007220929756684091,192.11400146484374,186.74449996948243,69.09758581268673,0.15416016374437064
2023-03-31,197.52999877929688,207.7899932861328,197.1999969482422,207.4600067138672,170222100,0.06237201971890638,195.5240020751953,187.22800064086914,74.13642231463655,1.6855369759036376
2023-04-03,199.91000366210938,202.69000244140625,192.1999969482422,194.77000427246094,169545900,-0.061168427796826186,196.11600341796876,187.2760009765625,57.967609037055006,1.6682696968122583
2023-04-04,197.32000732421875,198.74000549316406,190.32000732421875,192.5800018310547,126463800,-0.011244043709844997,196.79400329589845,187.51950073242188,58.46948903417278,0.5681356469117791
2023-04-05,190.52000427246094,190.67999267578125,183.75999450683594,185.52000427246094,133882500,-0.036660076287605925,195.12200317382812,187.69550094604492,50.92678976385403,0.7575777696494518
2023-04-06,183.0800018310547,186.38999938964844,179.74000549316406,185.05999755859375,123857900,-0.002479553165553039,193.0780029296875,188.30250091552733,53.44995929566552,0.5015920169439814
2023-04-10,179.94000244140625,185.10000610351562,176.11000061035156,184.50999450683594,142154600,-0.0029720256079851515,188.48800048828124,188.85600051879882,50.914629891400786,0.968812107673405
2023-04-11,186.69000244140625,189.19000244140625,185.64999389648438,186.7899932861328,115770900,0.012357047570192181,186.89199829101562,189.47150039672852,40.5067699277094,0.2950843475976595
2023-04-12,190.74000549316406,191.5800018310547,180.30999755859375,180.5399932861328,150256300,-0.03346003653646468,184.48399658203124,189.33550033569335,40.635481998537415,1.1756951526521482
2023-04-13,182.9600067138672,186.5,180.94000244140625,185.89999389648438,112933000,0.029688716127604264,184.55999450683595,189.60800018310547,44.81456590825096,0.2226164219345054
2023-04-14,183.9499969482422,186.27999877929688,182.00999450683594,185.0,96438700,-0.004841279860318459,184.5479949951172,189.65149993896483,45.49391656494988,-0.19857801982375325
2023-04-17,186.32000732421875,189.69000244140625,182.69000244140625,187.0399932861328,116662200,0.011026990735853115,185.05399475097656,189.99699935913085,46.06889367362589,0.317844368085897
2023-04-18,187.14999389648438,187.69000244140625,183.5800018310547,184.30999755859375,92067000,-0.014595786064655836,184.55799560546876,190.04999923706055,45.98551745572365,-0.3102126900452588
2023-04-19,179.10000610351562,183.5,177.64999389648438,180.58999633789062,125732700,-0.020183393575926356,184.5679962158203,189.20049896240235,38.8898101593282,0.5494664547442144
2023-04-20,166.1699981689453,169.6999969482422,160.55999755859375,162.99000549316406,210970800,-0.09745828230593856,179.98599853515626,187.79249954223633,28.759376648008555,2.726085889702632
2023-04-21,164.8000030517578,166.0,161.32000732421875,165.0800018310547,123539000,0.012822849668400638,176.0019989013672,186.4354995727539,17.854963690924265,0.4934486639385972
2023-04-24,164.64999389648438,165.64999389648438,158.61000061035156,162.5500030517578,140006600,-0.015325895028073244,171.1040008544922,185.04249954223633,21.10830953023381,0.9139613009767438
2023-04-25,159.82000732421875,163.47000122070312,158.75,160.6699981689453,121999300,-0.011565701922588656,166.3760009765625,183.4854995727539,21.22631722331225,0.45413125841213103
2023-04-26,160.2899932861328,160.6699981689453,153.13999938964844,153.75,153364100,-0.04306963495243776,161.00800170898438,181.7134994506836,21.280044802533652,1.2550551792126154
2023-04-27,152.63999938964844,160.47999572753906,152.3699951171875,160.19000244140625,127015200,0.041886194740853755,160.4480010986328,180.02899932861328,29.71120571613514,0.5822160634911735
2023-04-28,160.89999389648438,165.0,157.32000732421875,164.30999755859375,122515800,0.025719427270091355,160.29400024414062,178.48049926757812,34.427993938827896,0.46732047706149116
2023-05-01,163.1699981689453,163.27999877929688,158.8300018310547,161.8300018310547,109015000,-0.015093395194377579,160.15,176.1989990234375,30.817703581572175,0.12256732480344452
2023-05-02,161.8800048828125,165.49000549316406,158.92999267578125,160.30999755859375,128259700,-0.00939259874721976,160.0779998779297,174.47599868774415,33.23387589360574,0.6139953134604449
2023-05-03,160.00999450683594,165.0,159.91000366210938,160.61000061035156,119728000,0.0018713932775662467,161.45,172.87749862670898,27.121399226376,0.39613189283944633
2023-05-04,162.7100067138672,162.9499969482422,159.64999389648438,161.1999969482422,95108500,0.003673471985857102,161.6519989013672,171.66149826049804,28.347877220000683,-0.23254568419428343
2023-05-05,163.97000122070312,170.7899932861328,163.50999450683594,170.05999755859375,107607300,0.05496278398315546,162.8019989013672,170.91149826049804,36.257688364466325,0.08662063924157766
2023-05-08,173.72000122070312,173.8000030517578,169.19000244140625,171.7899932861328,112249400,0.010172855182730478,164.79399719238282,170.2754981994629,39.70055308731981,0.20516017823905028
2023-05-09,168.9499969482422,169.82000732421875,166.55999755859375,169.14999389648438,88965000,-0.015367597024416146,166.56199645996094,169.39349822998048,40.4187554856258,-0.38942460921334227
2023-05-10,172.5500030517578,174.42999267578125,166.67999267578125,168.5399932861328,119840700,-0.0036062703657255835,168.1479949951172,168.79349822998046,56.4972944314519,0.3990097726880095
2023-05-11,168.6999969482422,173.57000732421875,166.7899932861328,172.0800018310547,103889900,0.021003967520705658,170.3239959716797,168.10249862670898,57.92572398041512,-0.008305984973584592
2023-05-12,176.07000732421875,177.3800048828125,167.22999572753906,167.97999572753906,157849600,-0.023826162598143963,169.90799560546876,167.25149841308593,55.93701221436909,1.3695958186157227
2023-05-15,167.66000366210938,169.75999450683594,164.5500030517578,166.35000610351562,105592500,-0.009703474612936969,168.81999816894532,166.21699905395508,56.24451238803762,0.03517119541828479
2023-05-16,165.64999389648438,169.52000427246094,164.35000610351562,166.52000427246094,98288800,0.001021930644472091,168.29400024414062,165.32749938964844,66.48593555534632,-0.15133431522901722
2023-05-17,168.41000366210938,174.5,167.19000244140625,173.86000061035156,125473600,0.04407876621166107,169.35800170898438,164.9909996032715,67.247037279892,0.5428501400258229
2023-05-18,174.22000122070312,177.05999755859375,172.4499969482422,176.88999938964844,109520300,0.01742780840135616,170.32000122070312,165.6859992980957,66.32071097892631,0.13547054297095987
2023-05-19,177.1699981689453,181.9499969482422,176.30999755859375,180.13999938964844,136196700,0.018373000232992265,172.752001953125,166.4389991760254,73.28923772038102,0.8166726192106312
2023-05-22,180.6999969482422,189.32000732421875,180.11000061035156,188.8699951171875,132001400,0.04846228354123516,177.25599975585936,167.75499877929687,80.69647925991575,0.709542456578181
2023-05-23,186.1999969482422,192.9600067138672,185.25999450683594,185.77000427246094,156952100,-0.01641335799687571,181.1059997558594,169.00999908447267,75.50690946261935,1.346677476432178
2023-05-24,182.22999572753906,184.22000122070312,178.22000122070312,182.89999389648438,137605100,-0.015449266889003499,182.91399841308595,170.46749877929688,71.02713255661351,0.8526371798026133
2023-05-25,186.5399932861328,186.77999877929688,180.5800018310547,184.47000122070312,96870700,0.008583965973816943,184.42999877929688,171.6814987182617,66.2604428527153,-0.18754657266688282
2023-05-26,184.6199951171875,198.60000610351562,184.52999877929688,193.1699981689453,162061500,0.047162123329924865,187.03599853515624,173.1244987487793,70.84633911052684,1.4771498748194785
2023-05-30,200.10000610351562,204.47999572753906,197.52999877929688,201.16000366210938,128818700,0.041362559242642094,189.49400024414064,175.09099884033202,78.26241127107885,0.6282698017953767
2023-05-31,199.77999877929688,203.9499969482422,195.1199951171875,203.92999267578125,150711700,0.013770078361723614,193.1259979248047,177.2719985961914,80.09865915225075,1.1873241365300158
2023-06-01,202.58999633789062,209.8000030517578,199.3699951171875,207.52000427246094,148029900,0.017604137329555458,198.05,179.61749877929688,80.11557159002089,1.1188423425825733
2023-06-02,210.14999389648438,217.25,209.75,213.97000122070312,164398400,0.031081326211682914,203.95,182.25599899291993,87.57968224107495,1.5368243860715398
2023-06-05,217.8000030517578,221.2899932861328,214.52000427246094,217.61000061035156,151143100,0.017011727666879306,208.83800048828124,184.6334991455078,90.55379508073034,1.1983402622325017
2023-06-06,216.13999938964844,221.91000366210938,212.52999877929688,221.30999755859375,146911600,0.017002881015874438,212.8679992675781,187.10949935913087,91.05349677365655,1.0902857051855175
2023-06-07,228.0,230.8300018310547,223.1999969482422,224.57000732421875,185710800,0.014730512862447087,216.99600219726562,189.88050003051757,90.47086935628866,2.081052660113403
2023-06-08,224.22000122070312,235.22999572753906,223.00999450683594,234.86000061035156,164489700,0.045820870777622646,222.46400146484376,193.1965003967285,91.46044785012819,1.539155800713721
2023-06-09,249.07000732421875,252.4199981689453,242.02000427246094,244.39999389648438,200242400,0.0406199151040636,228.55,196.8125,92.16535241496379,2.4521280710040934
2023-06-12,247.94000244140625,250.97000122070312,244.58999633789062,249.8300018310547,150337900,0.02221770896144215,234.99400024414064,200.90500030517578,91.81069894245512,1.177778870448446
2023-06-13,253.50999450683594,259.67999267578125,251.33999633789062,258.7099914550781,162384300,0.035544128242966044,242.4739990234375,205.52299957275392,96.3523003475505,1.4853928172783621
2023-06-14,260.1700134277344,261.57000732421875,250.5,256.7900085449219,170575500,-0.007421371317580694,248.91799926757812,210.03649978637696,97.52993259669202,1.694561312536133
2023-06-15,248.39999389648438,258.95001220703125,247.2899932861328,255.89999389648438,160171200,-0.0034659239799892383,253.1259979248047,214.13849945068358,96.35302011189913,1.428879632780978
2023-06-16,258.9200134277344,263.6000061035156,257.2099914550781,260.5400085449219,167915600,0.01813214052015355,256.3540008544922,218.32099990844728,96.15016119041542,1.6266387516737264
2023-06-20,261.5,274.75,261.1199951171875,274.45001220703125,165611200,0.05338912722001776,261.2780029296875,223.0365005493164,96.43898437690348,1.5677941525341612
2023-06-21,275.1300048828125,276.989990234375,257.7799987792969,259.4599914550781,211797100,-0.054618400747766804,261.4280029296875,226.56600036621094,80.46745155717281,2.747186085965877
2023-06-22,250.77000427246094,265.0,248.25,264.6099853515625,166875900,0.019848894111198723,262.99199829101565,230.50799942016602,80.79618630765526,1.6000892248010454
2023-06-23,259.2900085449219,262.45001220703125,252.8000030517578,256.6000061035156,177460800,-0.030270888067223778,263.1320007324219,234.19300003051757,72.61538720573607,1.8703826623259474
2023-06-26,250.07000732421875,258.3699951171875,240.6999969482422,241.0500030517578,179990600,-0.060600166336257755,259.23399963378904,237.02200012207032,61.03994048267562,1.934983021162639
2023-06-27,243.24000549316406,250.38999938964844,240.85000610351562,250.2100067138672,164968200,0.03800042956291749,254.38599853515626,239.8740005493164,62.94571155204508,1.5513746605853933
2023-06-28,249.6999969482422,259.8800048828125,248.88999938964844,256.239990234375,159770800,0.0240996896954786,253.74199829101562,242.62799987792968,63.8429877190675,1.4186551155550269
2023-06-29,258.0299987792969,260.739990234375,253.61000061035156,257.5,131283400,0.004917303362650394,252.32000122070312,245.30650024414064,60.74411506192801,0.6912077828313455
2023-06-30,260.6000061035156,264.45001220703125,259.8900146484375,261.7699890136719,112620800,0.016582481606492783,253.35399780273437,248.01899948120118,58.677188406795764,0.2146441585030819
2023-07-03,276.489990234375,284.25,275.1099853515625,279.82000732421875,119685900,0.06895373445427366,261.1079986572266,251.31149978637694,63.304056297902015,0.39505683745679765
2023-07-05,278.82000732421875,283.8500061035156,277.6000061035156,282.4800109863281,131530900,0.009506123909958086,267.56199951171874,254.55500030517578,61.160679359156774,0.6975278827649691
2023-07-06,278.0899963378906,279.9700012207031,272.8800048828125,276.5400085449219,120332100,-0.021028045208104085,271.62200317382815,257.3165008544922,58.93583965284369,0.41155804382894967
2023-07-07,278.42999267578125,280.7799987792969,273.7699890136719,274.42999267578125,113879200,-0.007630056425625198,275.00800170898435,259.8095001220703,58.292308196560114,0.24677835549892854
2023-07-10,276.4700012207031,277.5199890136719,265.1000061035156,269.6099853515625,119425400,-0.01756370459810941,276.5760009765625,261.54699935913084,54.05235190620954,0.3884047726781755
2023-07-11,268.6499938964844,270.8999938964844,266.3699951171875,269.7900085449219,91972400,0.000667717084456676,274.57000122070315,262.8165000915527,47.62680733714539,-0.31262837268655497
2023-07-12,276.3299865722656,276.5199890136719,271.4599914550781,271.989990234375,95672100,0.008154422401772665,272.4719970703125,263.92449951171875,57.33692272503092,-0.21815373137573674
2023-07-13,274.5899963378906,279.45001220703125,270.6000061035156,277.8999938964844,112681500,0.02172875427149612,272.743994140625,264.8839996337891,57.7132935453658,0.21619417897165144
2023-07-14,277.010009765625,285.29998779296875,276.30999755859375,281.3800048828125,120062400,0.012522529912772917,274.1339965820313,266.1134994506836,65.18009172466449,0.4046710500830979
2023-07-17,286.6300048828125,292.2300109863281,283.57000732421875,290.3800048828125,131569600,0.03198521516746822,278.2880004882812,267.8375,82.85597904463827,0.6985161165727721
2023-07-18,290.1499938964844,295.260009765625,286.010009765625,293.3399963378906,112120300,0.010193509901870401,282.997998046875,269.4774993896484,81.3125918501232,0.20186351197064292
2023-07-19,296.0400085449219,299.2900085449219,289.5199890136719,291.260009765625,142355400,-0.007090702250741598,286.852001953125,270.3179992675781,76.97165420956142,0.9739396877407651
2023-07-20,279.55999755859375,280.92999267578125,261.20001220703125,262.8999938964844,175158300,-0.09737009860008494,283.852001953125,270.48999938964846,52.934139838882395,1.8115865811252665
2023-07-21,268.0,268.0,255.8000030517578,260.0199890136719,161796100,-0.010954754468143868,279.5799987792969,270.26049957275393,49.03453672780953,1.4703726848300491
2023-07-24,255.85000610351562,269.8500061035156,254.1199951171875,269.05999755859375,136508500,0.03476659075024635,275.3159973144531,270.8834991455078,43.40847686655505,0.8246346683391317
2023-07-25,272.3800048828125,272.8999938964844,265.0,265.2799987792969,112757300,-0.014048906614123058,269.70399780273436,272.0949989318848,39.60599374600274,0.2181297893755653
2023-07-26,263.25,268.0400085449219,261.75,264.3500061035156,95856200,-0.0035057022016762307,264.3219970703125,272.8019989013672,42.158757279967716,-0.213452598455413
2023-07-27,268.30999755859375,269.1300048828125,255.3000030517578,255.7100067138672,103697300,-0.032683938680391544,262.8839996337891,272.7754997253418,38.89153785766737,-0.013224171831022653
2023-07-28,259.8599853515625,267.25,258.2300109863281,266.44000244140625,111446000,0.04196157931177735,264.1680023193359,273.2224998474121,48.242218898693636,0.1846447508181482
2023-07-31,267.4800109863281,269.0799865722656,263.7799987792969,267.42999267578125,84582200,0.00371562162326855,263.8420013427734,273.50550003051757,48.70300265125291,-0.5013427263409619
2023-08-01,266.260009765625,266.4700012207031,260.25,261.07000732421875,83166000,-0.023781870118334214,263.0000030517578,272.56800003051757,44.26109694577179,-0.5375064658399431
2023-08-02,255.57000732421875,259.5199890136719,250.49000549316406,254.11000061035156,101752900,-0.02665954157355066,260.952001953125,271.1494995117188,37.63385151462418,-0.06287589833986257
2023-08-03,252.0399932861328,260.489990234375,252.0,259.32000732421875,97569100,0.020502958173047814,261.6740020751953,270.2884994506836,38.73570189506963,-0.16971239976327565
2023-08-04,260.9700012207031,264.7699890136719,253.11000061035156,253.86000061035156,99539900,-0.02105509239416581,259.1580017089844,269.25999984741213,30.65267626223327,-0.11938652926151588
2023-08-07,251.4499969482422,253.64999389648438,242.75999450683594,251.4499969482422,111097900,-0.009493435973824349,255.96200256347657,268.3520004272461,27.677715777372924,0.17575575369938296
2023-08-08,247.4499969482422,250.9199981689453,245.00999450683594,249.6999969482422,96642200,-0.006959634206558429,253.68800048828126,267.3474998474121,27.775397842260702,-0.19338149321166268
2023-08-09,250.8699951171875,251.10000610351562,241.89999389648438,242.19000244140625,101596300,-0.03007606967809695,251.3040008544922,265.85750045776365,35.74673558501131,-0.06687479793422808
2023-08-10,245.39999389648438,251.8000030517578,243.0,245.33999633789062,109498600,0.013006292021680244,248.50799865722655,264.229500579834,39.93417710076244,0.13491641703738558
2023-08-11,241.77000427246094,243.7899932861328,238.02000427246094,242.64999389648438,99038600,-0.01096438608281991,246.26599731445313,262.2930000305176,30.163727757619654,-0.13218760439980093
2023-08-14,235.6999969482422,240.66000366210938,233.75,239.75999450683594,98595300,-0.011910156448968756,243.92799682617186,259.7619995117187,30.572462662069512,-0.14350760561424689
2023-08-15,238.72999572753906,240.5,232.61000061035156,232.9600067138672,88197600,-0.028361644764614224,240.5799987792969,256.7430000305176,28.06428271188132,-0.4090207493711718
2023-08-16,228.02000427246094,233.97000122070312,225.3800048828125,225.60000610351562,112484500,-0.03159340830287438,237.26199951171876,253.45999984741212,28.57548608500845,0.21116363478206007
2023-08-17,226.05999755859375,226.74000549316406,218.8300018310547,219.22000122070312,120718400,-0.028280162722535862,232.03800048828126,251.27600021362304,14.183849012020943,0.4214225068768641
2023-08-18,214.1199951171875,217.5800018310547,212.36000061035156,215.49000549316406,136276600,-0.017014851321818125,226.6060028076172,249.04950103759765,12.17594235705883,0.8187129262195061
2023-08-21,221.5500030517578,232.1300048828125,220.5800018310547,231.27999877929688,135702700,0.073274828918382,224.91000366210938,247.1605010986328,30.925848417240076,0.8040579551006914
2023-08-22,240.25,240.82000732421875,229.5500030517578,233.19000244140625,130442800,0.008258403978685713,224.95600280761718,245.55600128173828,35.679079893263676,0.6697424252386018
2023-08-23,229.33999633789062,238.97999572753906,229.2899932861328,236.86000061035156,101077600,0.01573823118710882,227.20800170898437,244.18150100708007,34.293698246818124,-0.08012019524966486
2023-08-24,238.66000366210938,238.9199981689453,228.17999267578125,230.0399932861328,99777400,-0.02879341090367582,229.37200012207032,242.89800033569335,33.65357389980046,-0.11332178690096792
2023-08-25,231.30999755859375,239.0,230.35000610351562,238.58999633789062,106612200,0.037167463490241914,233.99199829101562,241.50550003051757,41.86075753528402,0.061210007144814345
2023-08-28,242.5800018310547,244.3800048828125,235.35000610351562,238.82000732421875,107673700,0.0009640428763089126,235.5,240.07500076293945,42.978839556029875,0.08831621352680033
2023-08-29,238.5800018310547,257.4800109863281,237.77000427246094,257.17999267578125,134047600,0.07687791972402569,240.297998046875,239.88050003051757,58.485221619563596,0.7617937231809316
2023-08-30,254.1999969482422,260.510009765625,250.58999633789062,256.8999938964844,121988400,-0.0010887269121663268,244.30599670410157,240.0199996948242,56.76339732883676,0.4538529186574785
2023-08-31,255.97999572753906,261.17999267578125,255.0500030517578,258.0799865722656,108861700,0.004593198535678855,249.91399536132812,239.95799865722657,59.1899916862756,0.11865269320819398
2023-09-01,257.260009765625,259.0799865722656,242.00999450683594,245.00999450683594,132541600,-0.05064318329763218,251.1979949951172,239.51549835205077,52.788697243042606,0.7233368726757305
2023-09-05,245.0,258.0,244.86000061035156,256.489990234375,129469600,0.046855214011356505,254.73199157714845,239.76749801635742,61.906683400222775,0.6448910262268743
2023-09-06,255.13999938964844,255.38999938964844,245.05999755859375,251.9199981689453,116959800,-0.017817428513501543,253.67999267578125,239.87849807739258,63.70547763979745,0.32544380946062995
2023-09-07,245.07000732421875,252.80999755859375,243.27000427246094,251.49000549316406,115312900,-0.0017068620153485314,252.59799499511718,240.34349822998047,67.9138548068086,0.2833889707507922
2023-09-08,251.22000122070312,256.5199890136719,246.6699981689453,248.5,118367700,-0.01188916230408743,250.68199768066407,240.50149841308593,68.47643854658664,0.36139560217395833
2023-09-11,264.2699890136719,274.8500061035156,260.6099853515625,273.5799865722656,174667900,0.10092549928477124,256.39599609375,242.047998046875,71.44595567677597,1.7990638457416341
2023-09-12,270.760009765625,278.3900146484375,266.6000061035156,267.4800109863281,135999900,-0.022296863386701782,258.5940002441406,243.43399887084962,66.67640779892166,0.8116471821725013
2023-09-13,270.07000732421875,274.9800109863281,268.1000061035156,271.29998779296875,111673700,0.014281354305895722,262.4699981689453,245.3509979248047,66.72494928182411,0.19045924275708198
2023-09-14,271.32000732421875,276.7099914550781,270.4200134277344,276.0400085449219,107709800,0.017471511114000693,267.3799987792969,247.872998046875,72.79938928498879,0.08923805436560363
2023-09-15,277.54998779296875,278.9800109863281,271.0,274.3900146484375,133692300,-0.005977372284481253,272.55800170898436,250.63149871826172,69.04663173064496,0.7527208686095519
2023-09-18,271.1600036621094,271.44000244140625,263.760009765625,265.2799987792969,101543300,-0.033200974462619715,270.89800415039065,253.12099838256836,62.862148028460936,-0.06822819307152932
2023-09-19,264.3500061035156,267.8500061035156,261.20001220703125,266.5,103704000,0.004598918977371191,270.702001953125,254.88199844360352,55.436312311957366,-0.013053082257061931
2023-09-20,267.0400085449219,273.92999267578125,262.4599914550781,262.5899963378906,122514600,-0.014671683535119606,268.9600036621094,256.35199813842775,53.184110766410086,0.4672898341527221
2023-09-21,257.8500061035156,260.8599853515625,254.2100067138672,255.6999969482422,119951500,-0.026238620989897266,264.8920013427734,257.29399795532225,48.748163880055515,0.40183913459768833
2023-09-22,257.3999938964844,257.7900085449219,244.47999572753906,244.8800048828125,127524100,-0.042315182614647506,258.98999938964846,258.03599853515624,49.92996999700611,0.595211210384996
2023-09-25,243.3800048828125,247.10000610351562,238.30999755859375,246.99000549316406,104636600,0.008616467528091087,255.33200073242188,258.45599899291994,44.30729286009362,0.010761565007978235
2023-09-26,242.97999572753906,249.5500030517578,241.66000366210938,244.1199951171875,101993600,-0.011619945391094011,250.8559997558594,258.7209983825684,45.22877083453505,-0.05672944155593036
2023-09-27,244.25999450683594,245.3300018310547,234.5800018310547,240.5,136597200,-0.014828753029631048,246.43800048828126,257.8869987487793,43.529960899904076,0.8268996900123131
2023-09-28,240.02000427246094,247.5500030517578,238.64999389648438,246.3800048828125,117058900,0.02444908475181906,244.57400207519532,257.3609992980957,48.792988113709455,0.3279744030098102
2023-09-29,250.0,254.77000427246094,246.35000610351562,250.22000122070312,128522700,0.015585665483353939,245.64200134277343,256.9680000305176,32.45720181528749,0.6207112176323358
2023-10-02,244.80999755859375,254.27999877929688,242.6199951171875,251.60000610351562,123810400,0.005515166158101437,246.56400146484376,257.29750061035156,37.16456449315723,0.5003790684718719
2023-10-03,248.61000061035156,250.02000427246094,244.4499969482422,246.52999877929688,101985300,-0.020151062008054166,247.04600219726564,256.7995010375977,30.375557908887373,-0.0569413883415832
2023-10-04,248.13999938964844,261.8599853515625,247.60000610351562,261.1600036621094,129721600,0.05934371052307452,251.1780029296875,257.26150131225586,39.80822009435362,0.651326037068382
2023-10-05,260.0,263.6000061035156,256.25,260.04998779296875,119159200,-0.00425032873937603,253.91199951171876,257.6895004272461,40.104874090864485,0.3816071540829003
2023-10-06,253.97999572753906,261.6499938964844,250.64999389648438,260.5299987792969,118121800,0.001845841218459432,255.9739990234375,258.29100036621094,46.27918184456462,0.35511635945202674
2023-10-09,255.30999755859375,261.3599853515625,252.0500030517578,259.6700134277344,101377900,-0.003300907210654902,257.58800048828124,257.5955017089844,44.6195185466197,-0.07245180733020147
2023-10-10,257.75,268.94000244140625,257.6499938964844,263.6199951171875,122656000,0.015211543440507347,261.00599975585936,257.40250091552736,50.81089483618247,0.47090059023601255
2023-10-11,266.20001220703125,268.6000061035156,260.8999938964844,262.989990234375,103706300,-0.002389822071472425,261.3719970703125,256.9870010375977,56.366804666496265,-0.01299435001525452
2023-10-12,262.9200134277344,265.4100036621094,256.6300048828125,258.8699951171875,111508100,-0.015665976919941982,261.13599853515626,256.1285003662109,63.83776970013094,0.1862305213469483
2023-10-13,258.8999938964844,259.6000061035156,250.22000122070312,251.1199951171875,102073800,-0.02993780718577166,259.2539978027344,254.96499938964843,53.675020753738856,-0.05468147381986322
2023-10-16,250.0500030517578,255.39999389648438,248.47999572753906,253.9199981689453,88917200,0.01115006015531006,258.10399475097654,254.39699935913086,58.7312911972954,-0.3906452184126441
2023-10-17,250.10000610351562,257.17999267578125,247.0800018310547,254.85000610351562,93562900,0.0036626021631882555,256.34999694824216,253.81449966430665,63.42878520900505,-0.27201375068886424
2023-10-18,252.6999969482422,254.6300048828125,242.0800018310547,242.67999267578125,125147800,-0.04775363208267347,252.28799743652343,252.81899948120116,46.902201740911416,0.5345305902950165
2023-10-19,225.9499969482422,230.61000061035156,216.77999877929688,220.11000061035156,170772700,-0.09300310180733784,244.53599853515624,251.03949966430665,30.80943908944448,1.6995969638771857
2023-10-20,217.00999450683594,218.86000061035156,210.4199981689453,211.99000549316406,138010100,-0.036890623300491754,236.71000061035156,249.3949996948242,26.751970665302053,0.8629791615121793
2023-10-23,210.0,216.97999572753906,202.50999450683594,212.0800018310547,150683400,0.0004245310418349302,228.34200134277344,247.64949951171874,28.525125255795388,1.1866014745982114
2023-10-24,216.5,222.0500030517578,214.11000061035156,216.52000427246094,118231100,0.02093550737020089,220.6760009765625,246.2694999694824,18.123395697074045,0.3579074177257442
2023-10-25,215.8800048828125,220.10000610351562,212.1999969482422,212.4199981689453,107065100,-0.018935922882932887,214.6240020751953,244.8654998779297,17.381185311852178,0.07277515162941298
2023-10-26,211.32000732421875,214.8000030517578,204.8800048828125,205.75999450683594,115112600,-0.031352997455599385,211.75400085449218,242.83449935913086,15.418605166485392,0.27827415856208587
2023-10-27,210.60000610351562,212.41000366210938,205.77000427246094,207.3000030517578,94881200,0.00748448962886572,210.81600036621094,240.6884994506836,17.215472910637985,-0.23834996183029417
2023-10-30,209.27999877929688,210.8800048828125,194.6699981689453,197.36000061035156,136448200,-0.04794984223383958,207.87200012207032,237.97649917602538,11.413946840928858,0.8230948621734852
2023-10-31,196.1199951171875,202.8000030517578,194.07000732421875,200.83999633789062,118068300,0.017632730628176496,204.73599853515626,235.69199905395507,14.97013949808212,0.35375019643607175
2023-11-01,204.0399932861328,205.99000549316406,197.85000610351562,205.66000366210938,121661700,0.023999240251476817,203.38399963378907,232.91699905395507,20.243836755423942,0.44551038674509524
2023-11-02,212.97000122070312,219.1999969482422,211.4499969482422,218.50999450683594,125987600,0.06248172039245192,205.93399963378906,230.83999938964843,32.74786161471883,0.5559755192819141
2023-11-03,221.14999389648438,226.3699951171875,218.39999389648438,219.9600067138672,119534800,0.006635907937775798,208.46600036621095,228.81149978637694,31.773304532297644,0.39119838452762373
2023-11-06,223.97999572753906,226.32000732421875,215.0,219.27000427246094,117335800,-0.0031369449915676917,212.8480010986328,226.79149932861327,30.854503418693525,0.3350452542082764
2023-11-07,219.97999572753906,223.1199951171875,215.72000122070312,222.17999267578125,116900100,0.013271256198382764,217.11600036621093,224.71949920654296,37.74802826760771,0.32391932474936797
2023-11-08,223.14999389648438,224.14999389648438,217.63999938964844,222.11000061035156,106584800,-0.00031502415940676265,220.40599975585937,222.6754997253418,51.635055493987046,0.060510327394586914
2023-11-09,219.75,220.8000030517578,206.67999267578125,209.97999572753906,142110500,-0.054612601186257326,218.7,220.2309997558594,48.45787221767734,0.9676859807761411
2023-11-10,210.02999877929688,215.3800048828125,205.69000244140625,214.64999389648438,130994000,0.022240205086035525,217.63799743652345,218.40749969482422,51.842287815919754,0.6838177346665346
2023-11-13,215.60000610351562,225.39999389648438,211.61000061035156,223.7100067138672,140447600,0.04220830689495392,218.5259979248047,216.89700012207032,54.83393839119852,0.9252225699493822
2023-11-14,235.02999877929688,238.13999938964844,230.72000122070312,237.41000366210938,149771600,0.06123998273248876,221.5720001220703,216.025,64.88031474857893,1.1633179710851689
2023-11-15,239.2899932861328,246.6999969482422,236.4499969482422,242.83999633789062,150354000,0.022871793909364557,225.71799926757814,216.03300018310546,72.40754131574128,1.1781899961410978
2023-11-16,239.49000549316406,240.8800048828125,230.9600067138672,233.58999633789062,136816800,-0.038090924639652135,230.43999938964845,216.7069999694824,64.5328878790215,0.8325073423170556
2023-11-17,232.0,237.38999938964844,226.5399932861328,234.3000030517578,142532800,0.0030395424675642158,234.37000122070313,217.8224998474121,72.74070542120984,0.9784697310871281
2023-11-20,234.0399932861328,237.10000610351562,231.02000427246094,235.60000610351562,116320100,0.005548455120893081,236.7480010986328,218.99850006103514,71.98887019721751,0.30910858551097714
2023-11-21,235.0399932861328,243.6199951171875,233.33999633789062,241.1999969482422,122288000,0.023769060694616817,237.50599975585936,220.2324996948242,72.2625888367667,0.4615034315468266
2023-11-22,242.0399932861328,244.00999450683594,231.39999389648438,234.2100067138672,117950600,-0.028980059381488954,235.78000183105468,221.3220001220703,60.61385480051545,0.3507446378009707
2023-11-24,233.75,238.75,232.3300018310547,235.4499969482422,65125200,0.00529435207219775,236.152001953125,222.80650024414064,60.50169264006747,-0.9981919562743593
2023-11-27,236.88999938964844,238.3300018310547,232.10000610351562,236.0800018310547,112031800,0.0026757481035388775,236.50800170898438,224.24550018310546,61.40589222640084,0.19960359744892295
2023-11-28,236.67999267578125,247.0,234.00999450683594,246.72000122070312,148549900,0.04506946504203557,238.73200073242188,226.71350021362304,65.07001577978764,1.13212093638251
2023-11-29,249.2100067138672,252.75,242.75999450683594,244.13999938964844,135401300,-0.010457205813430348,239.32000122070312,228.87850036621094,63.12403234943557,0.7963614778481897
2023-11-30,245.13999938964844,245.22000122070312,236.91000366210938,240.0800018310547,132353200,-0.016629792613843564,240.49400024414064,230.5995002746582,69.83918528590624,0.7185259359989843
2023-12-01,233.13999938964844,240.19000244140625,231.89999389648438,238.8300018310547,121331700,-0.005206597761023168,241.1700012207031,231.61550064086913,66.68968264282947,0.43708358683359705
2023-12-04,235.75,239.3699951171875,233.2899932861328,235.5800018310547,104099800,-0.01360800559009756,241.07000122070312,232.39650039672853,58.90739883233463,-0.0029460295147255623
2023-12-05,233.8699951171875,246.66000366210938,233.6999969482422,238.72000122070312,137971100,0.013328802806870987,239.47000122070312,233.36900024414064,51.16818093496929,0.8619832669771842
2023-12-06,242.9199981689453,246.57000732421875,239.1699981689453,239.3699951171875,126436200,0.002722829646282676,238.51600036621093,234.22850036621094,46.61727168331678,0.5674308600100902
2023-12-07,241.5500030517578,244.0800018310547,236.97999572753906,242.63999938964844,107142300,0.01366087788429815,239.0279998779297,235.25500030517577,59.986765159028565,0.07474651209355741
2023-12-08,240.27000427246094,245.27000427246094,239.27000427246094,243.83999633789062,103126800,0.0049455858525417895,240.02999877929688,236.94800033569337,60.414846077705924,-0.027792321374991574
2023-12-11,242.74000549316406,243.44000244140625,237.4499969482422,239.74000549316406,97913900,-0.01681426716823431,240.86199951171875,238.20250091552734,54.25926210822007,-0.16090767064362538
2023-12-12,238.5500030517578,238.99000549316406,233.8699951171875,237.00999450683594,95328300,-0.011387381846063915,240.5199981689453,238.86750030517578,45.418757674443434,-0.22693292473807944
2023-12-13,234.19000244140625,240.3000030517578,228.1999969482422,239.2899932861328,146286300,0.009619842336358264,240.50399780273438,238.96149978637695,56.1920867050604,1.0743181961410937
2023-12-14,241.22000122070312,253.8800048828125,240.7899932861328,251.0500030517578,160829200,0.04914543063053567,242.18599853515624,239.37200012207032,65.13388001276599,1.4456821610893593
2023-12-15,251.2100067138672,254.1300048828125,248.3000030517578,253.5,135932800,0.009758999874367902,244.1179992675781,240.36750030517578,66.32308655330668,0.8099337328571634
2023-12-18,253.77999877929688,258.739990234375,251.36000061035156,252.0800018310547,116416500,-0.005601570686174839,246.58599853515625,241.25650024414062,56.071591169537456,0.3115702325154269
2023-12-19,253.47999572753906,258.3399963378906,253.00999450683594,257.2200012207031,106737400,0.0203903496997484,250.62799987792968,242.3375,64.00428553084416,0.06440708395972215
2023-12-20,256.4100036621094,259.8399963378906,247.0,247.13999938964844,125097000,-0.03918825045959673,252.1980010986328,242.6345001220703,56.69574866760558,0.5332333738237919
2023-12-21,251.89999389648438,254.8000030517578,248.5500030517578,254.5,109594200,0.029780693649462897,252.88800048828125,243.64899978637695,63.31803304540572,0.1373576354359893
2023-12-22,256.760009765625,258.2200012207031,251.3699951171875,252.5399932861328,93370100,-0.007701401626197146,252.6959991455078,244.50349960327148,64.73756424787229,-0.2769370446977638
2023-12-26,254.49000549316406,257.9700012207031,252.91000366210938,256.6099853515625,86892400,0.01611622781987765,253.60199584960938,245.52999877929688,65.29842975659531,-0.4423500198090127
2023-12-27,258.3500061035156,263.3399963378906,257.5199890136719,261.44000244140625,106494400,0.018822405072142834,254.44599609375,246.26599884033203,67.6137260365256,0.05820189493398255
2023-12-28,263.6600036621094,265.1300048828125,252.7100067138672,253.17999267578125,113619900,-0.03159428430420175,255.65399475097655,246.71799850463867,57.79123937451625,0.24015693362907553
2023-12-29,255.10000610351562,255.19000244140625,247.42999267578125,248.47999572753906,100891600,-0.018563856087399966,254.4499938964844,247.13799819946288,53.261173347621195,-0.08486984610887296
