Date,Close,High,Low,Open,Volume,USD_KRW,NASDAQ,VIX,priceEarningsRatio,forwardPE,priceToBook,debtEquityRatio,returnOnAssets,returnOnEquity,profitMargins,grossMargins
2024-01-02,248.4199981689453,251.25,244.41000366210938,250.0800018310547,104654200,1293.5400390625,14765.9404296875,13.199999809265137,287.76773206921507,131.8194639615972,17.443044109399032,14.525274023344608,0.02512482507809289,0.07826331051231913,0.0642805568120878,0.20544584514010644
2024-01-03,238.4499969482422,245.67999267578125,236.32000732421875,244.97999572753906,121082600,1307.6199951171875,14592.2099609375,14.039999961853027,244.31924000355127,139.36778016830024,16.9244141570925,16.572388930178477,0.03303176788816955,0.08517029781031112,0.06101982634310066,0.16841713232129524
2024-01-04,237.92999267578125,242.6999969482422,237.72999572753906,239.25,102629300,1309.530029296875,14510.2998046875,14.130000114440918,270.0829108759196,143.7812118524216,17.698680068117092,17.668834241365786,0.03248038062060461,0.08667794142089096,0.0550627852552852,0.16010818261334303
2024-01-05,237.49000549316406,240.1199951171875,234.89999389648438,236.86000061035156,92488900,1311.25,14524.0703125,13.350000381469727,254.14280974488534,135.5421566068823,18.216914493050798,19.84501781241003,0.02729388549144497,0.08960301041549865,0.06558098111332324,0.18681292811290964
2024-01-08,240.4499969482422,241.25,235.3000030517578,236.13999938964844,85166600,1313.1300048828125,14843.76953125,13.079999923706055,256.29051501503136,137.4889209282413,16.96729718391819,18.010836556711197,0.03020157842557465,0.09655081476802926,0.0617695704048204,0.16718239552617886
2024-01-09,234.9600067138672,238.9600067138672,232.0399932861328,238.11000061035156,96705700,1311.800048828125,14857.7099609375,12.760000228881836,254.90787258106837,146.92198772029818,17.4500422283511,16.41473728801912,0.02824540558196066,0.08590885114870224,0.062443829566859184,0.16009146249302494
2024-01-10,233.94000244140625,235.5,231.2899932861328,235.10000610351562,91628500,1319.7900390625,14969.650390625,12.6899995803833,251.34060241900818,137.0280267554685,17.37495074372014,15.09633908194367,0.03014963819803947,0.07313483614867256,0.055762734580061056,0.16644735940969774
2024-01-11,227.22000122070312,230.92999267578125,225.3699951171875,230.57000732421875,105873600,1317.5,14970.1904296875,12.4399995803833,263.3259339985098,153.0113040273132,18.482811467135765,18.892229963485427,0.03406702779967747,0.07966895971187919,0.07353583813738704,0.17402027781744114
2024-01-12,218.88999938964844,225.33999633789062,217.14999389648438,220.0800018310547,123043800,1311.989990234375,14972.759765625,12.699999809265137,251.7745726160822,139.2265979912833,18.356658602264517,15.200076062259573,0.03139259444858869,0.08428714531004604,0.06900186936007642,0.19826130869416006
2024-01-16,219.91000366210938,223.49000549316406,212.17999267578125,215.10000610351562,115355000,1319.7099609375,14944.349609375,13.84000015258789,266.24092665191273,123.47794899107032,17.633086374684463,19.56257264969348,0.03110548078477099,0.09868188434139312,0.0695565994471091,0.1409921462093666
2024-01-17,215.5500030517578,215.6699981689453,212.00999450683594,214.86000061035156,103164400,1337.7900390625,14855.6201171875,14.789999961853027,262.0287809927508,140.4982030907777,18.454963261824417,16.34457970396697,0.02832628441293426,0.07034014460292452,0.06150225396043232,0.17520344991845335
2024-01-18,211.8800048828125,217.4499969482422,208.74000549316406,216.8800048828125,108595400,1344.050048828125,15055.650390625,14.130000114440918,259.55018324637433,137.9785570085058,17.793204719143276,19.49883622076501,0.02520719227182397,0.09160346808322668,0.05247005961358175,0.18572331483455268
2024-01-19,212.19000244140625,213.19000244140625,207.55999755859375,209.99000549316406,102260300,1337.6600341796875,15310.9697265625,13.300000190734863,250.76829724902547,144.12965684301042,18.044759502140995,17.965166109266725,0.028982934096800392,0.08324115979978104,0.07582930189805476,0.1781814810908566
2024-01-22,208.8000030517578,217.8000030517578,206.27000427246094,212.25999450683594,117952500,1333.2099609375,15360.2900390625,13.1899995803833,255.11306646748636,139.9555254788226,19.823874366435803,16.592532488110955,0.03317156013839719,0.08862094028657146,0.06305239243975952,0.19769644316169818
2024-01-23,209.13999938964844,215.64999389648438,207.75,211.3000030517578,106605900,1338.739990234375,15425.9404296875,12.550000190734863,272.61026431130944,134.46081579560837,19.519300250368243,15.949219483676908,0.025079583144494644,0.08093598920206797,0.05868960946844867,0.173500443635821
2024-01-24,207.8300018310547,212.72999572753906,206.77000427246094,211.8800048828125,123369900,1336.780029296875,15481.919921875,13.140000343322754,269.26789248802504,127.10976418790784,17.104554946501825,16.249490677940692,0.026476935470196982,0.07488142838345703,0.06608418398012009,0.1715740407905897
2024-01-25,182.6300048828125,193.0,180.05999755859375,189.6999969482422,198076800,1329.8900146484375,15510.5,13.449999809265137,249.84899759972768,133.9830818828249,19.052156380909235,17.54355717158286,0.029973752499252843,0.08790988671716468,0.07084420869553253,0.18515392048179324
2024-01-26,183.25,186.77999877929688,182.10000610351562,185.5,107343200,1336.030029296875,15455.3603515625,13.260000228881836,263.99330336139724,129.64020519814505,19.035385270765765,16.952800373587067,0.026685421836852102,0.08712128250864266,0.06329376228371908,0.1765360054853496
2024-01-29,190.92999267578125,191.47999572753906,183.6699981689453,185.6300048828125,125013100,1336.760009765625,15628.0400390625,13.600000381469727,272.5576727019088,131.46805994324112,17.242959663088268,15.824031068206018,0.027254130596538972,0.08971850980885371,0.0715512752261198,0.1679756552548574
2024-01-30,191.58999633789062,196.36000061035156,190.61000061035156,195.3300018310547,109982300,1333.2099609375,15509.900390625,13.3100004196167,240.7619406893731,139.3827713544251,19.04213646968105,16.54435827842265,0.028346148198084595,0.08166120799650889,0.07031054606845104,0.18382219781196993
2024-01-31,187.2899932861328,193.97000122070312,185.85000610351562,187.0,103221400,1326.6199951171875,15164.009765625,14.350000381469727,269.8253572266411,146.70324902829236,19.699919269186296,16.955190137096526,0.02555777248359716,0.07686525531531359,0.056611433285311936,0.16339380543457305
2024-02-01,188.86000061035156,189.8800048828125,184.27999877929688,188.5,91843300,1333.9100341796875,15361.6396484375,13.880000114440918,253.98544362785324,138.07003974978505,17.266483371448793,13.24183063296596,0.02671659933519955,0.06902379874169004,0.059165470906591335,0.16411662338270216
2024-02-02,187.91000366210938,188.69000244140625,182.0,185.0399932861328,110612700,1328.949951171875,15628.9501953125,13.850000381469727,270.183119126628,127.30213228920503,17.45402740172658,17.593776219509028,0.031682146633690435,0.08847001521357592,0.06951461028507826,0.16557066449953708
2024-02-05,181.05999755859375,184.67999267578125,175.00999450683594,184.25999450683594,134294400,1337.72998046875,15597.6796875,13.670000076293945,252.6636548916445,138.40806893810353,19.224047865521424,15.174814983658916,0.02573018544459635,0.08523614429794447,0.046231182251492864,0.19845164891970882
2024-02-06,185.10000610351562,186.49000549316406,177.11000061035156,177.2100067138672,122676000,1333.3900146484375,15609.0,13.0600004196167,238.98252968324576,143.49923447617851,18.541558335392285,14.882748898086975,0.02487029848189528,0.0738727954110714,0.06249184815728916,0.11849663409736974
2024-02-07,187.5800018310547,189.7899932861328,182.67999267578125,188.17999267578125,111535200,1326.7900390625,15756.6396484375,12.829999923706055,241.3117853362806,131.26997614267643,18.79764617227262,13.984380604855652,0.027735126060579672,0.0773660830734535,0.05436280257230868,0.18171506763165624
2024-02-08,189.55999755859375,191.6199951171875,185.5800018310547,189.0,83034000,1327.6199951171875,15793.7099609375,12.789999961853027,263.3201984381051,134.49086617821226,18.604755877615624,13.805134650836848,0.03176658828742915,0.07795331319467307,0.06041673792198262,0.1753990713122199
2024-02-09,193.57000732421875,194.1199951171875,189.47999572753906,190.17999267578125,84476300,1331.469970703125,15990.66015625,12.930000305175781,266.09993740786945,135.49758771965864,18.65058655614961,14.542730665514195,0.02901711144832921,0.06964363629967976,0.06154428050460877,0.14541838437251767
2024-02-12,188.1300048828125,194.72999572753906,187.27999877929688,192.11000061035156,95498600,1330.06005859375,15942.5498046875,13.930000305175781,250.81094523325496,130.08446102352718,17.07995888076358,15.630214042978226,0.02822484000877777,0.07508381104295982,0.06116729284567696,0.18021402409929732
2024-02-13,184.02000427246094,187.25999450683594,182.11000061035156,183.99000549316406,86759500,1328.5,15655.599609375,15.850000381469727,271.076178906228,139.7869485711828,19.251173289246704,20.108967847060946,0.0297313020406462,0.07249866917239443,0.059936449892728234,0.1831161448172152
2024-02-14,188.7100067138672,188.88999938964844,183.35000610351562,185.3000030517578,81203000,1340.7900390625,15859.150390625,14.380000114440918,240.8655085562526,134.57934222162905,19.363011053817974,15.938312621241499,0.02443270599873543,0.07839715911979234,0.056479716235326625,0.18510689376412737
2024-02-15,200.4499969482422,200.8800048828125,188.86000061035156,189.16000366210938,120831800,1326.0,15906.169921875,14.010000228881836,261.820709411133,138.2383458384995,18.083417095005547,17.12202900377471,0.031064328735174097,0.07572967055615916,0.07797987893074211,0.1284460454579743
2024-02-16,199.9499969482422,203.1699981689453,197.39999389648438,202.05999755859375,111346700,1327.6600341796875,15775.650390625,14.239999771118164,246.7826206788297,129.38991004930622,18.253465303520134,17.4967298365196,0.03073496769295479,0.0684659807620726,0.0752871730206686,0.19868448691921559
2024-02-20,193.75999450683594,198.60000610351562,189.1300048828125,196.1300048828125,104545800,1333.3399658203125,15630.7802734375,15.420000076293945,254.1271332928459,132.43659777170328,16.89278676194038,17.04349096277092,0.028388446916676666,0.09830872031536664,0.05606785001732705,0.16190436240210898
2024-02-21,194.77000427246094,199.44000244140625,191.9499969482422,193.36000061035156,103500300,1333.75,15580.8701171875,15.34000015258789,263.31118460159644,140.2886049722184,18.76360107794688,16.69271686602066,0.032577536554917394,0.09201202555762601,0.07347694287921146,0.18680120421324553
2024-02-22,197.41000366210938,198.32000732421875,191.36000061035156,194.0,92739500,1332.8699951171875,16041.6201171875,14.539999961853027,251.38758959199345,132.8741040474053,18.816470974930166,14.812157301496992,0.026262611547099007,0.07539995819023107,0.06090578612817296,0.18775396968632638
2024-02-23,191.97000122070312,197.57000732421875,191.5,195.30999755859375,78841900,1327.1700439453125,15996.8203125,13.75,257.6377115463681,147.0895355286939,18.236348264885784,19.26389541447012,0.03293861062003057,0.08399758976043656,0.06425956026622263,0.15947533494337476
2024-02-26,199.39999389648438,201.77999877929688,192.0,192.2899932861328,111747100,1330.0,15976.25,13.739999771118164,275.90571397156964,132.6926499897363,19.32163484310453,19.863246913592015,0.030057301250161945,0.08518361203946873,0.06303858503005094,0.1863448399671051
2024-02-27,199.72999572753906,205.60000610351562,198.25999450683594,204.0399932861328,108645400,1331.719970703125,16035.2998046875,13.430000305175781,255.11148325684127,136.91924481000314,17.987664385388317,13.992263278877406,0.02860380433396061,0.09150950903448271,0.059254549949759164,0.16806157814885198
2024-02-28,202.0399932861328,205.3000030517578,198.44000244140625,200.4199981689453,99806200,1331.7900390625,15947.740234375,13.84000015258789,273.66497080100993,141.71170366712886,18.80965535954732,15.100276701551843,0.0295411740393098,0.07507626669700053,0.06968155377591122,0.138592326905169
2024-02-29,201.8800048828125,205.27999877929688,198.4499969482422,204.17999267578125,85907000,1333.3800048828125,16091.919921875,13.399999618530273,247.85057270241904,125.79594518687367,17.360584184508927,16.352275061019164,0.029282496293199612,0.0907001571726243,0.06423861908703506,0.1952121288582256
2024-03-01,202.63999938964844,204.52000427246094,198.5,200.52000427246094,82243100,1335.199951171875,16274.9404296875,13.109999656677246,269.6473066832421,123.47763721770525,18.27168975199793,15.200358067622584,0.033212037373396446,0.07728977832749989,0.060416753009372846,0.16125221404647613
2024-03-04,188.13999938964844,199.75,186.72000122070312,198.72999572753906,134334900,1330.9000244140625,16207.509765625,13.489999771118164,281.62281430058067,125.06959787356955,18.13375685549978,17.6741858505788,0.026413029782685803,0.07084665312111324,0.055163680220824525,0.15986345427133883
2024-03-05,180.74000549316406,184.58999633789062,177.57000732421875,183.0500030517578,119660800,1328.93994140625,15939.58984375,14.460000038146973,230.22498462072636,143.94572759117244,18.499312504466644,15.597827673891356,0.02734294305212607,0.08769126464551463,0.05777102867976341,0.16775440862671812
2024-03-06,176.5399932861328,181.5800018310547,173.6999969482422,179.99000549316406,107920900,1333.4300537109375,16031.5400390625,14.5,252.22186385434802,131.66212139918662,17.955239908030194,20.465273822871048,0.03266745656053454,0.09232453163404909,0.05302708036731035,0.17955869795872276
2024-03-07,178.64999389648438,180.0399932861328,173.6999969482422,174.35000610351562,102129000,1327.0899658203125,16273.3798828125,14.4399995803833,270.2681443250121,152.71692253054013,18.1729790652868,18.825859900264234,0.027837216591855778,0.1029313316765604,0.06351754118503405,0.17379891321882968
2024-03-08,175.33999633789062,182.72999572753906,174.6999969482422,181.5,85544600,1321.1800537109375,16085.1103515625,14.739999771118164,260.0217442856272,131.57824594999235,19.048785627506163,17.180613291732577,0.03226557790890151,0.07195984650735732,0.055848349080880585,0.18438020984388134
2024-03-11,177.77000427246094,182.8699951171875,174.8000030517578,175.4499969482422,85391500,1315.97998046875,16019.26953125,15.220000267028809,267.56342005030314,136.64754525164838,17.893740523944913,18.550698990782784,0.03463033050970578,0.08748506626490561,0.06175527924136263,0.15138572587307905
2024-03-12,177.5399932861328,179.42999267578125,172.41000366210938,177.77000427246094,87391700,1310.5400390625,16265.6396484375,13.84000015258789,254.75562793806634,145.8380917337139,16.823757618514996,18.6834562838963,0.028410686720252765,0.07841905522950028,0.07213192047425326,0.16182308624487077
2024-03-13,169.47999572753906,176.0500030517578,169.14999389648438,173.0500030517578,106524500,1311.1500244140625,16177.76953125,13.75,263.8259376321624,148.97921328924508,19.893509213154775,15.874271140839618,0.0316168324866629,0.088175524175955,0.07104835089096476,0.17277237117581962
2024-03-14,162.5,171.1699981689453,160.50999450683594,167.77000427246094,126325700,1313.6500244140625,16128.5302734375,14.399999618530273,260.64389801563334,149.35433852474756,19.556794997941566,15.449877729507053,0.02618507084723402,0.06974580693958206,0.06323523039995144,0.20797506987567418
2024-03-15,163.57000732421875,165.17999267578125,160.75999450683594,163.16000366210938,97146800,1321.9200439453125,15973.169921875,14.40999984741211,278.0267834957995,143.57867760723923,17.111248935674382,16.95446007483384,0.03183401056228072,0.07144433154411284,0.06288752954089022,0.17281055682852753
2024-03-18,173.8000030517578,174.72000122070312,165.89999389648438,170.02000427246094,108214400,1329.3399658203125,16103.4501953125,14.329999923706055,266.030303138512,142.33095857395995,18.924081244678057,18.27253045224289,0.03019029499852083,0.07542567157096766,0.0753659182015896,0.19376968516880533
2024-03-19,171.32000732421875,172.82000732421875,167.4199981689453,172.36000061035156,77271400,1336.0899658203125,16166.7900390625,13.819999694824219,267.1228490392444,139.4095026373492,17.833180291607874,17.056941308654643,0.031000193315194238,0.08241568900142793,0.0667436715671776,0.17547394435034988
2024-03-20,175.66000366210938,176.25,170.82000732421875,173.0,83846700,1337.02001953125,16369.41015625,13.039999961853027,257.27886020203664,140.66758248724858,18.53423363795425,14.170018818010085,0.02768910666677523,0.07652787848351586,0.06136039098244657,0.1663456470175913
2024-03-21,172.82000732421875,178.17999267578125,171.8000030517578,176.38999938964844,73178000,1330.1099853515625,16401.83984375,12.920000076293945,256.2841994509462,131.66667368513458,18.562347512602088,15.472408437941498,0.02468319308992117,0.08715908737018002,0.05439333677799691,0.1704872570664796
2024-03-22,170.8300018310547,171.1999969482422,166.3000030517578,166.69000244140625,75580600,1334.6800537109375,16428.8203125,13.0600004196167,257.007224112319,129.85901924262768,18.078828186310194,16.698555451575178,0.031089626111658535,0.09016691729349496,0.06593872649910051,0.17185602343373516
2024-03-25,172.6300048828125,175.24000549316406,168.72999572753906,168.75999450683594,74228600,1343.5999755859375,16384.470703125,13.1899995803833,267.86953464409595,135.37530523546516,17.57635164228968,16.695707753842655,0.023492326668660815,0.08667274555476327,0.0687012245986038,0.18535172751703372
2024-03-26,177.6699981689453,184.25,177.3800048828125,178.5800018310547,113186200,1339.1300048828125,16315.7001953125,13.239999771118164,257.15923817410317,134.2460158475838,17.661620616222727,20.141407704013496,0.0286606425429621,0.09500682652950691,0.0594327980443112,0.19882820495723819
2024-03-27,179.8300018310547,181.91000366210938,176.0,181.41000366210938,81804000,1343.06005859375,16399.51953125,12.779999732971191,266.4946580083282,132.3298380296489,17.455226436678863,14.491352484502166,0.03238589832460311,0.08517021434905633,0.0652873851329943,0.1810872212175569
2024-03-28,175.7899932861328,179.57000732421875,175.3000030517578,177.4499969482422,77654800,1349.800048828125,16379.4599609375,13.010000228881836,289.9478396248538,140.11262860344306,17.53239616810441,17.673552781540494,0.030168017298184188,0.07181943559954845,0.061133486198845705,0.1955501178244059
2024-04-01,175.22000122070312,176.75,170.2100067138672,176.1699981689453,81562100,1345.31005859375,16396.830078125,13.649999618530273,274.13035774518136,141.86547789629054,18.231786597738193,19.328134982140682,0.03536709422857785,0.092918329751203,0.06227249355149773,0.1579354753862331
2024-04-02,166.6300048828125,167.69000244140625,163.42999267578125,164.75,116650600,1355.530029296875,16240.4501953125,14.609999656677246,258.40649624935344,135.99665644255882,17.638553823143976,20.64425990672477,0.03263432309164205,0.07682163746144975,0.0476572531107356,0.16755225870593077
2024-04-03,168.3800048828125,168.82000732421875,163.27999877929688,164.02000427246094,82950100,1350.72998046875,16277.4599609375,14.329999923706055,278.46589197750865,145.40089197721161,18.91707883370801,16.142682214977622,0.027664460770556294,0.0892144920719289,0.06203301388571554,0.16213919170205
2024-04-04,171.11000061035156,177.19000244140625,168.00999450683594,170.07000732421875,123162000,1344.8399658203125,16049.080078125,16.350000381469727,257.3287919662115,127.66902030355922,19.653558948033407,17.64973176831119,0.02968084760436026,0.0946384246887711,0.06958967336979205,0.18029649144849244
2024-04-05,164.89999389648438,170.86000061035156,160.50999450683594,169.0800018310547,143157600,1351.3599853515625,16248.51953125,16.030000686645508,235.91902290423712,134.08709337417628,17.76267957416329,17.781507848915282,0.02945978272046847,0.08550433786374247,0.05943437750318703,0.16852540742706384
2024-04-08,172.97999572753906,174.5,167.7899932861328,169.33999633789062,104423300,1350.27001953125,16253.9599609375,15.1899995803833,249.44798940316764,130.54532919558366,18.512206103506887,17.1518589169921,0.024916756780495465,0.06953590938475265,0.06377322225369478,0.18755643093935775
2024-04-09,176.8800048828125,179.22000122070312,171.9199981689453,172.91000366210938,102951700,1354.219970703125,16306.6396484375,14.979999542236328,238.11684166253247,122.76186975705245,18.750274782485857,16.656712717955116,0.026816419207206316,0.07426177911444944,0.05864424409472181,0.15852609008066493
2024-04-10,171.75999450683594,174.92999267578125,170.00999450683594,173.0399932861328,84532400,1348.5400390625,16170.3603515625,15.800000190734863,258.0717002225331,134.83840940480835,18.724954352322655,17.55644139775593,0.027940147715339616,0.09258608150571974,0.0657266368141805,0.175552181413656
2024-04-11,174.60000610351562,175.8800048828125,168.50999450683594,172.5500030517578,94516000,1363.760009765625,16442.19921875,14.90999984741211,262.93054493980617,134.57393062988967,18.362705366880558,12.563002410834923,0.02357278731154643,0.08038708379949869,0.062066371943092113,0.18680627628449425
2024-04-12,171.0500030517578,173.80999755859375,170.36000061035156,172.33999633789062,64722700,1367.8399658203125,16175.08984375,17.309999465942383,284.7076810421238,145.64406476764796,18.972535089068774,17.970445503132364,0.029740580666024863,0.08242067279522208,0.05748144713553412,0.13869850749229012
2024-04-15,161.47999572753906,170.69000244140625,161.3800048828125,170.24000549316406,100245300,1379.6099853515625,15885.01953125,19.229999542236328,266.9826351961803,139.668686754355,18.734326598657216,17.035269087330526,0.028862747339827,0.08797490725096983,0.07189370084459183,0.21188611525213197
2024-04-16,157.11000061035156,158.19000244140625,153.75,156.74000549316406,97000000,1387.6700439453125,15865.25,18.399999618530273,259.81086911274616,128.4644999365725,17.161189708534238,16.448730481149923,0.024648234052117742,0.0874638320432308,0.06933313922938236,0.1698505050522998
2024-04-17,155.4499969482422,158.3300018310547,153.77999877929688,157.63999938964844,82439700,1387.3399658203125,15683.3701171875,18.209999084472656,273.5824007917722,147.95018517052006,19.088215676503996,20.266436271859014,0.030796470081220904,0.08404974606587591,0.05960246679209304,0.13940230230894052
2024-04-18,149.92999267578125,152.1999969482422,148.6999969482422,151.25,96098800,1379.5400390625,15601.5,18.0,233.6466247466046,143.6644351730898,19.104802856879736,15.687558500188654,0.031718983324285244,0.08006371872853024,0.06659796378605222,0.17756348134712224
2024-04-19,147.0500030517578,150.94000244140625,146.22000122070312,148.97000122070312,87074500,1379.4000244140625,15282.009765625,18.709999084472656,265.78329327387974,139.33889760844494,17.595083510694252,16.1449052635959,0.030272022057440073,0.07921331011924651,0.0668493364771865,0.1753845918201707
2024-04-22,142.0500030517578,144.44000244140625,138.8000030517578,140.55999755859375,107097600,1373.9300537109375,15451.3095703125,16.940000534057617,272.8135060848426,133.86487360056577,18.32793228127104,20.173390120299025,0.02864075820138145,0.0887850386944073,0.06751475371376028,0.17336848624507284
2024-04-23,144.67999267578125,147.25999450683594,141.11000061035156,143.3300018310547,124545100,1378.8399658203125,15696.6396484375,15.6899995803833,243.2682402379625,128.90283511551144,18.91824678989096,15.423223266851087,0.03135066876918549,0.08629653805554134,0.052691636442935175,0.19212602065395815
2024-04-24,162.1300048828125,167.97000122070312,157.50999450683594,162.83999633789062,181178000,1370.47998046875,15712.75,15.970000267028809,277.7111891333494,132.87834455512575,18.10178068688143,15.897541059515861,0.03161345226701101,0.07966605789494834,0.06982590639300772,0.18786533810054495
2024-04-25,170.17999267578125,170.8800048828125,158.36000061035156,158.9600067138672,126427500,1376.969970703125,15611.759765625,15.369999885559082,267.13458787723147,142.76887744615001,19.274643817934535,16.575659130162283,0.03050991456637028,0.09061843238334491,0.05982582506404864,0.18000687581909683
2024-04-26,168.2899932861328,172.1199951171875,166.3699951171875,168.85000610351562,109815700,1371.699951171875,15927.900390625,15.029999732971191,257.234059342092,148.15662496694398,20.455375398124534,18.23736761928654,0.02715914773871311,0.08071488804058376,0.06116993476916257,0.1826687204813874
2024-04-29,194.0500030517578,198.8699951171875,184.5399932861328,188.4199981689453,243869700,1377.0899658203125,15983.080078125,14.670000076293945,270.99986007481516,145.84576593637635,17.574320757812433,17.17258615812048,0.030418738265913098,0.07480595840046766,0.08017471551739783,0.17297581430382225
2024-04-30,183.27999877929688,190.9499969482422,182.83999633789062,186.97999572753906,127031800,1374.6400146484375,15657.8203125,15.649999618530273,292.5128897983711,132.08868463307843,17.030043533608,14.648416378485749,0.03313862272644342,0.07556389659506735,0.0653550795763574,0.20583558004471605
2024-05-01,179.99000549316406,185.86000061035156,179.00999450683594,182.0,92829700,1385.4599609375,15605.48046875,15.390000343322754,265.07733986922733,127.81844354124595,18.57112320276571,15.927732826251129,0.02783397798650928,0.07376683618149504,0.06098916540892436,0.14894365359910625
2024-05-02,180.00999450683594,184.60000610351562,176.02000427246094,182.86000061035156,89148000,1375.0,15840.9599609375,14.680000305175781,265.9488662876516,136.351936859611,18.953217515438688,15.801247637007098,0.035809900443832,0.07954250329423164,0.049449608601883716,0.17724111126529388
2024-05-03,181.19000244140625,184.77999877929688,178.4199981689453,182.10000610351562,75491500,1364.6400146484375,16156.330078125,13.489999771118164,256.6551857312103,123.4259790757808,18.082067393112943,16.693091035621272,0.02804413243540326,0.09185816342395504,0.0722566579708736,0.17593663055317987
2024-05-06,184.75999450683594,187.55999755859375,182.1999969482422,183.8000030517578,84390300,1355.050048828125,16349.25,13.489999771118164,251.52640734360398,137.58596553201738,19.622473723530277,17.539396786912963,0.029695924759486805,0.07518673670471353,0.05490598552099506,0.1890161414980091
2024-05-07,177.80999755859375,183.25999450683594,177.39999389648438,182.39999389648438,75045900,1352.1700439453125,16332.5595703125,13.229999542236328,273.59461890439695,134.39889414399724,17.068860677455852,17.526547543130334,0.027609442635821248,0.08331116629784502,0.0570741790979186,0.16004943422261278
2024-05-08,174.72000122070312,176.05999755859375,170.14999389648438,171.58999633789062,79969500,1357.72998046875,16302.759765625,13.0,251.44445563034205,132.2431259907284,18.92701805641189,13.835215426164373,0.030260881674323975,0.07640025122080464,0.061337896180262835,0.14432060291010856
2024-05-09,171.97000122070312,175.6199951171875,171.3699951171875,175.00999450683594,65950300,1361.93994140625,16346.259765625,12.6899995803833,263.62861184047085,124.60215774463751,17.739074372307357,18.612867923373628,0.024443023789799588,0.07964145296952345,0.07242571069834076,0.17754126632139644
2024-05-10,168.47000122070312,173.05999755859375,167.75,173.0500030517578,72627200,1365.4000244140625,16340.8701171875,12.550000190734863,256.4148709849987,138.87517521346712,19.865880946696215,17.24789656962012,0.027983716275502505,0.06942239300959659,0.06834542908878759,0.1797159090039812
2024-05-13,171.88999938964844,175.39999389648438,169.0,170.0,67018900,1370.1099853515625,16388.240234375,13.600000381469727,268.9797577111479,131.7918145903165,20.115709280953315,19.15219826366723,0.026367321246968244,0.07996665890018699,0.062438673916492146,0.20083819767714492
2024-05-14,177.5500030517578,179.49000549316406,174.07000732421875,174.5,86407400,1363.7900390625,16511.1796875,13.420000076293945,267.0710920660372,127.47792123954864,17.592000658767542,17.570274846001098,0.030000601509761183,0.08018607110933482,0.06539579969757865,0.1525940714302375
2024-05-15,173.99000549316406,180.0,173.11000061035156,179.89999389648438,79663000,1362.550048828125,16742.390625,12.449999809265137,276.31612732636916,115.95320050033794,17.79057319077844,18.675755611798873,0.03254356423150637,0.08618793451837987,0.05963114846461855,0.19498404704220829
2024-05-16,174.83999633789062,175.7899932861328,171.42999267578125,174.10000610351562,59812200,1353.5999755859375,16698.3203125,12.420000076293945,255.98985454536563,135.2118766379359,19.079464032045564,17.60786917745255,0.03151217831385907,0.08359576802768916,0.06432595793677574,0.21618240308319409
2024-05-17,177.4600067138672,179.6300048828125,172.75,173.5500030517578,77445800,1346.0400390625,16685.970703125,11.989999771118164,259.1439761488223,147.39612937618145,17.939138460454483,19.087755589659885,0.02257988829185768,0.07197074759426712,0.06390524327220412,0.16819666976610712
2024-05-20,174.9499969482422,177.75,173.52000427246094,177.55999755859375,61727400,1353.3900146484375,16794.869140625,12.149999618530273,249.8331250203718,146.64472121601173,18.25169610274815,17.70158224497271,0.03564452617266653,0.09063548904154405,0.06958587073381756,0.15223433000325845
2024-05-21,186.60000610351562,186.8800048828125,174.7100067138672,175.50999450683594,115266500,1360.1600341796875,16832.619140625,11.859999656677246,256.8530906096186,132.30365062431466,18.316453813354794,16.658277180909103,0.030474028624237773,0.08348964795989525,0.06957577252516363,0.1676860880757935
2024-05-22,180.11000061035156,183.8000030517578,178.1199951171875,182.85000610351562,88313500,1363.4200439453125,16801.5390625,12.289999961853027,267.64425748081385,131.3212300559663,16.537380679475202,20.64591693020779,0.02730156254414072,0.0833922637899603,0.06657378726572392,0.17504480682965173
2024-05-23,173.74000549316406,181.89999389648438,173.25999450683594,181.8000030517578,71975500,1365.81005859375,16736.029296875,12.770000457763672,272.6312451316081,138.5717083520092,18.28057514501705,18.318627150811462,0.030065098640213186,0.08169491589636971,0.0611412622761013,0.1846550120551209
2024-05-24,179.24000549316406,180.0800018310547,173.72999572753906,174.83999633789062,65584500,1367.6199951171875,16920.7890625,11.930000305175781,250.5765127179137,128.63917292734837,17.662364490610024,17.788210239455726,0.03012152187460797,0.07753629735406391,0.06814611526469981,0.16446242012243095
2024-05-28,176.75,178.25,173.16000366210938,176.39999389648438,59736600,1360.9300537109375,17019.880859375,12.920000076293945,274.11040938962225,137.44125324602703,17.842191490267307,14.675873080057558,0.027626127797823374,0.08355096973212534,0.0628565470963921,0.20198487037689555
2024-05-29,176.19000244140625,178.14999389648438,173.92999267578125,174.19000244140625,54782600,1362.760009765625,16920.580078125,14.279999732971191,280.4941625952803,140.58444262223858,19.613666758103992,14.65568009514109,0.030185833335332545,0.08565888664058802,0.05657633078584107,0.15531797513365908
2024-05-30,178.7899932861328,182.6699981689453,175.3800048828125,178.5800018310547,77618400,1370.550048828125,16737.080078125,14.470000267028809,268.1188624161008,143.70437443437353,17.143953393667505,17.31543525560724,0.027801882028643893,0.06748563393186739,0.0608815374497609,0.14439869394001947
2024-05-31,178.0800018310547,180.32000732421875,173.82000732421875,178.5,67314600,1375.6199951171875,16735.01953125,12.920000076293945,287.3392760395308,134.72011616648277,19.037039557239204,17.067810311005513,0.028403088501637534,0.07736455263302097,0.06397623414286427,0.1941452982165423
2024-06-03,176.2899932861328,182.63999938964844,174.49000549316406,178.1300048828125,68568900,1382.0999755859375,16828.669921875,13.109999656677246,252.52534876893424,134.01929755112383,18.03807531980202,15.78986160888651,0.02756861375816495,0.07968529862300984,0.06921440347646125,0.13503962437451564
2024-06-04,174.77000427246094,177.75999450683594,174.0,174.77999877929688,60056300,1370.7900390625,16857.05078125,13.15999984741211,246.34079805820335,129.45428910104735,18.03734611666733,17.06017519555737,0.025359292982370628,0.08386470704276211,0.062275692367599104,0.17123181164010493
2024-06-05,175.0,176.14999389648438,172.1300048828125,175.35000610351562,57953800,1373.719970703125,17187.900390625,12.630000114440918,239.3261507331038,129.8002464895829,19.01615482303769,19.495547081047743,0.030031675951837537,0.09152770409546611,0.0557688389804953,0.2292970661385567
2024-06-06,177.94000244140625,179.72999572753906,172.72999572753906,174.60000610351562,69887000,1368.739990234375,17173.119140625,12.579999923706055,282.33832153021933,133.86490885112414,18.604263861172452,17.99287558293597,0.03133248633208836,0.0754594753590421,0.06379996421046417,0.17458947869426042
2024-06-07,177.47999572753906,179.35000610351562,175.5800018310547,176.1300048828125,56244900,1365.25,17133.130859375,12.220000267028809,271.2833508893349,137.88518049983614,18.81514979701761,14.90348138404297,0.031124055444386064,0.0776981659785705,0.06415976006139075,0.15520898146582957
2024-06-10,173.7899932861328,178.57000732421875,173.1699981689453,176.05999755859375,50774600,1379.050048828125,17192.529296875,12.739999771118164,261.95855694747655,141.58303341302116,19.178793330698443,16.635408700097425,0.03202697874780029,0.07757900857724316,0.06461894882484025,0.17379669233300685
2024-06-11,170.66000366210938,174.75,167.41000366210938,173.9199981689453,64761900,1373.9599609375,17343.55078125,12.850000381469727,266.36585874454676,129.960702797947,17.990196944144127,15.468804889261737,0.030560047021644013,0.07521590889571515,0.06927565943727915,0.17391200221493056
2024-06-12,177.2899932861328,180.5500030517578,169.8000030517578,171.1199951171875,90389400,1377.3599853515625,17608.439453125,12.039999961853027,247.9059712042592,145.50351353816333,17.733242568836367,16.170772430625878,0.028023132525277966,0.07893105602946703,0.0699040435256687,0.1776081609573725
2024-06-13,182.47000122070312,191.0800018310547,181.22999572753906,188.38999938964844,118984100,1370.4100341796875,17667.560546875,11.9399995803833,294.8121918422666,133.5626682998749,17.300686483137802,16.12717436571125,0.03208540503871632,0.08807284975284163,0.05967032152271614,0.18637635692815016
2024-06-14,178.00999450683594,186.0,176.9199981689453,185.8000030517578,82038200,1373.739990234375,17688.880859375,12.65999984741211,264.38587676300267,135.2534953937358,17.5382606839926,16.01945683638528,0.025581748082067875,0.07315278715440574,0.05953118121020923,0.15663633677693192
2024-06-17,187.44000244140625,188.80999755859375,177.0,177.9199981689453,109786100,1382.280029296875,17857.01953125,12.75,264.1254684361945,130.33959604924954,20.990655425603958,14.711485763729158,0.02693401270776306,0.08526823830916529,0.05684097489779783,0.20429834000553918
2024-06-18,184.86000061035156,187.1999969482422,182.3699951171875,186.55999755859375,68982300,1379.06005859375,17862.23046875,12.300000190734863,272.2211620065836,118.98626768017624,19.43169261680404,16.60824652928195,0.026745967788587198,0.06785354546514007,0.06787328126285151,0.17908459769083337
2024-06-20,181.57000732421875,185.2100067138672,179.66000366210938,184.67999267578125,55893100,1381.1500244140625,17721.58984375,13.279999732971191,269.0064128051135,141.38305555916514,17.057456158485184,15.87988977253177,0.03279696593505236,0.07717993920309207,0.07263130904288441,0.18750435993110354
2024-06-21,183.00999450683594,183.9499969482422,180.69000244140625,182.3000030517578,61937300,1391.8199462890625,17689.359375,13.199999809265137,265.62921938083855,140.38651502525528,17.083630489352196,11.894788468809185,0.032390654001854625,0.07907576599211752,0.06144111540688675,0.16381994849227138
2024-06-24,182.5800018310547,188.8000030517578,182.5500030517578,184.97000122070312,61992100,1388.3900146484375,17496.8203125,13.329999923706055,252.30619741245374,133.49358846110871,18.733976382997135,20.27671483681915,0.031042423501653187,0.09546532754541831,0.06190835961809993,0.19728595975468194
2024-06-25,187.35000610351562,187.97000122070312,182.00999450683594,184.39999389648438,62905700,1386.1099853515625,17717.650390625,12.84000015258789,268.88109884122025,135.85167095897103,18.793794095193405,18.654637189288707,0.03277291240102692,0.07952294155403726,0.07274526280757583,0.17030672389394763
2024-06-26,196.3699951171875,197.75999450683594,186.36000061035156,186.5399932861328,95737100,1390.8900146484375,17805.16015625,12.550000190734863,287.4079518302733,138.8910107794791,18.795274967025517,16.189949290458678,0.026997322964060516,0.06377043211759184,0.06664725376801708,0.17965161793586695
2024-06-27,197.4199981689453,198.72000122070312,194.0500030517578,195.1699981689453,72746500,1393.3800048828125,17858.6796875,12.239999771118164,280.35995743494937,124.81985908436985,18.060033725938904,16.85465928737861,0.030631841554788503,0.06542508540859555,0.06620747409314004,0.15848930577076933
2024-06-28,197.8800048828125,203.1999969482422,195.25999450683594,199.5500030517578,95438100,1386.949951171875,17732.599609375,12.4399995803833,283.6142306143112,131.81651231173822,18.17848380581893,14.851925891507666,0.029229483691985834,0.08204825992755681,0.05588482128156093,0.15737363517049083
2024-07-01,209.86000061035156,213.22999572753906,200.85000610351562,201.02000427246094,135691400,1380.2900390625,17879.30078125,12.220000267028809,255.9741027161884,140.7752484115569,18.593130810174838,19.67571459734122,0.03210677102749935,0.08678880428779408,0.0677458455321446,0.1868298287567964
2024-07-02,231.25999450683594,231.3000030517578,218.05999755859375,218.88999938964844,205047900,1383.4200439453125,18028.759765625,12.029999732971191,249.69073327624386,126.90672662691581,18.371795034565068,20.014808771216806,0.029258936271645497,0.08484010254781804,0.05754555452037426,0.1670457526079749
2024-07-03,246.38999938964844,248.35000610351562,234.25,234.55999755859375,166561500,1383.4200439453125,18188.30078125,12.09000015258789,261.0364903143552,137.38551004665933,16.263323170182144,17.086605859029127,0.02846056905030616,0.08314022075513469,0.056245771507438716,0.15987517243042348
2024-07-05,251.52000427246094,252.3699951171875,242.4600067138672,249.80999755859375,154501200,1380.25,18352.759765625,12.479999542236328,263.42054504329934,126.21421666651646,18.083043102218685,18.544885602713006,0.031201089214940532,0.09127379672880384,0.06124007629037777,0.16355715518136751
2024-07-08,252.94000244140625,259.44000244140625,244.57000732421875,247.7100067138672,157219600,1376.5699462890625,18403.740234375,12.369999885559082,277.06021354723765,138.55583783630158,17.514483228589167,17.11788494820054,0.03219346073488605,0.07735776258803247,0.05972372625533787,0.18701769969362053
2024-07-09,262.3299865722656,265.6099853515625,250.3000030517578,251.0,160210900,1382.75,18429.2890625,12.510000228881836,240.45906925483783,135.15686046168312,18.45349115675713,14.574226794179022,0.027621698223253468,0.08908768361663134,0.06203416664962116,0.1638044181861609
2024-07-10,263.260009765625,267.5899963378906,257.8599853515625,262.79998779296875,128519400,1382.4200439453125,18647.44921875,12.850000381469727,282.77840389675856,124.46385700601266,21.02373377573564,16.13018954639244,0.029419216012796966,0.06842501428513897,0.05429840823106473,0.17274339179559417
2024-07-11,241.02999877929688,271.0,239.64999389648438,263.29998779296875,221707300,1382.989990234375,18283.41015625,12.920000076293945,260.6132860796553,143.28332769128474,18.629353368113392,17.044942418500465,0.026467015724420707,0.07437024157006543,0.06952272516882275,0.17506268507501846
2024-07-12,248.22999572753906,251.83999633789062,233.08999633789062,235.8000030517578,155955800,1371.27001953125,18398.44921875,12.460000038146973,257.0817898281289,130.42503297479806,18.006458435598056,16.058314372757906,0.0222057393882209,0.06699382251364253,0.07059403628856908,0.14128474147253997
2024-07-15,252.63999938964844,265.6000061035156,251.72999572753906,255.97000122070312,146912900,1374.1099853515625,18472.5703125,13.119999885559082,249.39521441229502,129.91281594976306,19.136368436680918,16.45515959137104,0.030193360508984638,0.0795225899764231,0.05108605531772191,0.1490847104340709
2024-07-16,256.55999755859375,258.6199951171875,245.8000030517578,255.30999755859375,126332500,1383.68994140625,18509.33984375,13.1899995803833,240.95302840106106,136.7559849126027,18.734728075215397,16.669238524402417,0.031402359854513714,0.08139172202641311,0.0696473308299197,0.1806781375040474
2024-07-17,248.5,258.4700012207031,246.17999267578125,252.72999572753906,115584800,1382.6400146484375,17996.919921875,14.479999542236328,273.5005076478628,143.17431860667756,18.677476298787866,16.686938103040934,0.030375717754896708,0.08270300790193624,0.05829800177767592,0.16191672676705085
2024-07-18,249.22999572753906,257.1400146484375,247.1999969482422,251.08999633789062,110869000,1378.6500244140625,17871.220703125,15.930000305175781,263.6516198177553,128.52113024903448,18.848294934551596,16.910914458563916,0.023829297315447074,0.0822760201765581,0.06887664737813103,0.19327155144918173
2024-07-19,239.1999969482422,249.44000244140625,236.8300018310547,247.7899932861328,87403900,1385.239990234375,17726.939453125,16.520000457763672,245.74572692467274,135.81571687808466,20.17427342747669,15.038744096800999,0.028561485686973635,0.0741853964139525,0.06300577048474751,0.19169978818229952
2024-07-22,251.50999450683594,253.2100067138672,243.75,244.2100067138672,101225400,1388.81005859375,18007.5703125,14.90999984741211,245.67850658122632,138.30119804171167,17.2588517743233,15.616763732322074,0.0230336906302488,0.08021440061523313,0.06362254716414208,0.18737106828789304
2024-07-23,246.3800048828125,255.75999450683594,245.6300048828125,253.60000610351562,111928200,1387.0999755859375,17997.349609375,14.720000267028809,258.2782888684257,140.0904108489028,18.726445073187687,14.661943889812942,0.03365431527865639,0.06952537859081079,0.06226573560462061,0.20660961084222423
2024-07-24,215.99000549316406,225.99000549316406,214.7100067138672,225.4199981689453,167942900,1384.5699462890625,17342.41015625,18.040000915527344,284.610278895939,136.59264300838294,17.445906753441278,18.467979099237095,0.026385278436930466,0.0929171233296564,0.07112974206559264,0.17334759855104917
2024-07-25,220.25,226.0,216.22999572753906,216.8000030517578,100636500,1382.6500244140625,17181.720703125,18.459999084472656,259.2790451775223,132.913405479481,18.801338085923636,13.280670149742022,0.033315994684001295,0.07928724960191304,0.055576049268335224,0.18614245606479912
2024-07-26,219.8000030517578,222.27999877929688,215.3300018310547,221.19000244140625,94604100,1381.4300537109375,17357.880859375,16.389999389648438,242.9457018475625,129.79544075830356,17.45294472550571,18.763685034562066,0.03239977414530507,0.07777237820457973,0.06729613380501473,0.1645846709291014
2024-07-29,232.10000610351562,234.27000427246094,224.6999969482422,224.89999389648438,129201800,1382.0899658203125,17370.19921875,16.600000381469727,259.46093455816305,135.98133611991477,17.911482602481072,19.155255591015283,0.02693425255649326,0.09476276506568726,0.07042683301539422,0.2176674260769453
2024-07-30,222.6199951171875,232.41000366210938,220.0,232.25,100560300,1381.3599853515625,17147.419921875,17.690000534057617,259.10656095471376,128.13986806171604,18.023324586899292,16.314641598519138,0.026246956544247475,0.07161215009516794,0.06798445611277833,0.20947391624458164
2024-07-31,232.07000732421875,234.67999267578125,226.7899932861328,227.89999389648438,67497000,1383.5,17599.400390625,16.360000610351562,227.26655712501895,115.62087745166122,19.185774081822583,12.443742477148135,0.030637095840503562,0.07256607416856059,0.0781878837501183,0.175007669995371
2024-08-01,216.86000061035156,231.8699951171875,214.3300018310547,227.69000244140625,83861900,1367.9200439453125,17194.150390625,18.59000015258789,261.97549779492016,138.3536194923655,19.13330701122348,16.215167241602426,0.02710080084993811,0.07280620640354973,0.06008435700174789,0.18155752729874278
2024-08-02,207.6699981689453,216.1300048828125,205.77999877929688,214.8800048828125,82880100,1368.969970703125,16776.16015625,23.389999389648438,259.6554362319894,141.51770526018072,17.153822151311747,16.71502298546382,0.029903354540788296,0.08121501571184334,0.06951313631588095,0.1985605220368968
2024-08-05,198.8800048828125,203.8800048828125,182.0,185.22000122070312,100308800,1357.1700439453125,16200.080078125,38.56999969482422,271.8329048085058,119.40131598263203,18.3434781218617,15.12287061461359,0.028170830331211524,0.08529945183554663,0.06276695606243934,0.17222800145584943
2024-08-06,200.63999938964844,202.89999389648438,192.6699981689453,200.75,73783900,1367.4000244140625,16366.849609375,27.709999084472656,286.97361717556714,128.5623665292039,17.644206554727354,15.956248096096393,0.024327771093181724,0.08781832630279952,0.0712647225316783,0.16332221124242116
2024-08-07,191.75999450683594,203.49000549316406,191.47999572753906,200.77000427246094,71159800,1370.31005859375,16195.8095703125,27.850000381469727,277.4854212108905,139.58976707523604,17.142125884793842,19.397247383047816,0.0229978146633916,0.10280120571115636,0.06339121601498812,0.1900773408476003
2024-08-08,198.83999633789062,200.6999969482422,192.0399932861328,195.6999969482422,65033900,1375.3299560546875,16660.01953125,23.790000915527344,259.15692991278286,149.32720401161723,18.094734837431563,17.94160696514022,0.03027098537554401,0.06337639082200035,0.06097931123380238,0.17617111802154256
2024-08-09,200.0,200.8800048828125,195.11000061035156,197.0500030517578,58648300,1373.760009765625,16745.30078125,20.3700008392334,248.15504124865726,135.53892147754453,18.01107463913854,15.267605790381722,0.02793778907086135,0.08674763091227035,0.07172571640832551,0.17799874297979917
2024-08-12,197.49000549316406,199.25999450683594,194.6699981689453,199.02000427246094,64044900,1363.8399658203125,16780.609375,20.709999084472656,296.48824806063874,130.4696374281508,20.512856384147174,14.135358916989604,0.027962854141934168,0.07721434330807686,0.06032152630464488,0.16021693692317196
2024-08-13,207.8300018310547,208.49000549316406,197.05999755859375,198.47000122070312,76247400,1369.5400390625,17187.609375,18.1200008392334,263.46643046510053,134.159958011641,18.689243726600136,16.27285876658508,0.0316597569637176,0.07697488332753649,0.054477663491897754,0.14477509084660783
2024-08-14,201.3800048828125,208.44000244140625,198.75,207.38999938964844,70250000,1362.1700439453125,17192.599609375,16.190000534057617,262.8715833304741,144.70593618156443,17.03317817257213,16.46390166009876,0.03307338913883204,0.07670212330726804,0.06016111863156867,0.1789277693246867
2024-08-15,214.13999938964844,215.8800048828125,204.82000732421875,205.02000427246094,89848500,1355.7099609375,17594.5,15.229999542236328,262.3717606959221,131.02503225901344,17.7766549057066,17.657755892901307,0.028793267624769046,0.0743389904018032,0.06736713970364118,0.19061873648531863
2024-08-16,216.1199951171875,219.8000030517578,210.8000030517578,211.14999389648438,88765100,1363.510009765625,17631.720703125,14.800000190734863,265.29036072149927,129.98769404023838,19.227452079210725,15.922436694447427,0.028591827827546813,0.09554435957255242,0.07227108814404913,0.1708528980261508
2024-08-19,222.72000122070312,222.97999572753906,214.08999633789062,217.07000732421875,76435200,1348.97998046875,17876.76953125,14.649999618530273,260.7925380582732,132.13002100860342,20.20345040814164,17.68349573563126,0.031080423378017096,0.08865746524299267,0.06414499970131639,0.199908788001889
2024-08-20,221.10000610351562,228.22000122070312,219.55999755859375,224.8800048828125,74001200,1330.8800048828125,17816.939453125,15.880000114440918,255.153905666479,128.94420350498476,16.84259396605513,20.078509641593325,0.025583470713689258,0.08195967351666365,0.07180263653543412,0.1624955426317363
2024-08-21,223.27000427246094,224.66000366210938,218.86000061035156,222.6699981689453,70146000,1327.5799560546875,17918.990234375,16.270000457763672,255.50594869611552,136.22861669228053,16.573737354009705,18.194917370057983,0.030260533042053183,0.0928172558080862,0.054823733977233606,0.1563637661271957
2024-08-22,210.66000366210938,224.8000030517578,210.32000732421875,223.82000732421875,79514500,1333.6600341796875,17619.349609375,17.549999237060547,262.25843441594697,146.3970728810815,20.004532000849835,16.74210070411744,0.031233582476593576,0.06940205065075108,0.060627931800826956,0.17362481423021164
2024-08-23,220.32000732421875,221.47999572753906,214.2100067138672,214.4600067138672,81525200,1339.5400390625,17877.7890625,15.859999656677246,255.5510545681404,137.58536679416275,18.649597126856754,16.514885962547044,0.03161348141691618,0.070888824141107,0.06160927460106194,0.17335628178285944
2024-08-26,213.2100067138672,219.08999633789062,211.00999450683594,218.75,59301200,1323.8800048828125,17725.76953125,16.149999618530273,253.3258058973629,133.68974013330396,17.49903798059359,16.222968786369204,0.023867212000592705,0.06396075785384403,0.06271323004939405,0.1882590534237397
2024-08-27,209.2100067138672,215.66000366210938,206.94000244140625,213.25,62821400,1326.6400146484375,17754.8203125,15.430000305175781,264.0865305351486,133.42261470198412,18.782236695319284,18.809192207018242,0.027346388401365537,0.07605088730541187,0.06397348975701204,0.16125364983536156
2024-08-28,205.75,211.83999633789062,202.58999633789062,209.72000122070312,64116400,1326.3599853515625,17556.029296875,17.110000610351562,259.3396492037252,124.81549282027342,15.88241475583444,15.767670589876124,0.02700034077164254,0.08309220885286477,0.06782313376824059,0.19871428725952445
2024-08-29,206.27999877929688,214.88999938964844,205.97000122070312,209.8000030517578,62308800,1336.68994140625,17516.4296875,15.649999618530273,282.4427228850196,141.37672150363187,18.29631944626497,16.899078163350673,0.02989566538505127,0.0826110745917527,0.060618140641049825,0.2091817085046443
2024-08-30,214.11000061035156,214.57000732421875,207.02999877929688,208.6300048828125,63370600,1332.8800048828125,17713.619140625,15.0,227.86964864309385,134.87119937616404,18.593077438466533,16.90913023033455,0.031023003956113234,0.08299116880673664,0.06432199292051628,0.1741157624085934
2024-09-03,210.60000610351562,219.89999389648438,209.63999938964844,215.25999450683594,76714200,1337.550048828125,17136.30078125,20.719999313354492,277.0249519783562,134.17631767938346,19.138626404661895,15.97884845243316,0.03403026280604011,0.07023178829237264,0.06315373540634565,0.1966449381448219
2024-09-04,219.41000366210938,222.22000122070312,210.57000732421875,210.58999633789062,80651800,1340.4100341796875,17084.30078125,21.31999969482422,279.0552506040244,157.01519287185965,17.365860306042585,14.514101208794578,0.028134902178110505,0.08833739633035485,0.057566149912659494,0.15633243120547047
2024-09-05,230.1699981689453,235.0,222.25,223.49000549316406,119355000,1331.010009765625,17127.66015625,19.899999618530273,235.45582801966606,137.42067955499166,18.371606756148655,17.366340007436005,0.028127185405004727,0.08372943421664028,0.06271889358130071,0.1935948725398599
2024-09-06,210.72999572753906,233.60000610351562,210.50999450683594,232.60000610351562,112177000,1332.7900390625,16690.830078125,22.3799991607666,258.18762326965185,130.3085941315277,17.446781630848935,16.72037301814769,0.03300302917588109,0.08776418485954747,0.06252861901416244,0.1931063916216194
2024-09-09,216.27000427246094,219.8699951171875,213.6699981689453,216.1999969482422,67443500,1337.77001953125,16884.599609375,19.450000762939453,257.8099653892776,132.51174851176611,18.52682171457908,17.664554541733143,0.030477867738049703,0.06629288367384614,0.06239272397816096,0.18989288365771909
2024-09-10,226.1699981689453,226.39999389648438,218.63999938964844,220.07000732421875,78891100,1341.27001953125,17025.880859375,19.079999923706055,244.20176406027986,143.17302122003392,17.47429310023332,15.92532420447739,0.0333522484731164,0.08431706075238952,0.063641476976673,0.17452795720654726
2024-09-11,228.1300048828125,228.47000122070312,216.8000030517578,224.5500030517578,83548600,1343.3399658203125,17395.529296875,17.690000534057617,252.47244999728073,136.1649802018277,17.91995783349237,18.876787670993192,0.030454634888909118,0.07205764363319438,0.06392006790381455,0.1231597285070893
2024-09-12,229.80999755859375,231.4499969482422,223.8300018310547,224.66000366210938,71894900,1339.1800537109375,17569.6796875,17.06999969482422,248.10184763217447,125.66114112750441,17.38239789769654,15.348003467867313,0.02617493480860872,0.07852108776388751,0.06069751459989069,0.16358260952896078
2024-09-13,230.2899932861328,232.6699981689453,226.32000732421875,228.0,59515100,1335.68994140625,17683.98046875,16.559999465942383,285.7037061086222,141.62124485839766,18.888801316764415,19.7031653698033,0.025653940069857693,0.08613950177614971,0.07151409663595634,0.16385898801087317
2024-09-16,226.77999877929688,229.9600067138672,223.52999877929688,229.3000030517578,54323000,1329.510009765625,17592.130859375,17.139999389648438,274.9782337608254,130.8748763442289,19.078424271882973,13.882951099515916,0.025007523742785573,0.0825148724183546,0.056020810473076374,0.15770010368270287
2024-09-17,227.8699951171875,234.57000732421875,226.5500030517578,229.4499969482422,66761600,1319.1099853515625,17628.060546875,17.610000610351562,279.38978329367677,148.08020266494847,18.07863357408984,17.554413679604057,0.03155967343088508,0.0748069575853445,0.058866160992352035,0.17693680771948272
2024-09-18,227.1999969482422,235.67999267578125,226.8800048828125,230.08999633789062,78010200,1322.9300537109375,17573.30078125,18.229999542236328,272.16738229063947,142.70997550044208,18.32820682565093,17.62281703721454,0.033118246596337546,0.08182129559811999,0.08107608284209242,0.16747651897228882
2024-09-19,243.9199981689453,244.24000549316406,232.1300048828125,234.0,102694600,1322.260009765625,18013.98046875,16.329999923706055,247.8591768509936,132.3698221436656,16.968261058945018,15.484634344603053,0.03507411193850369,0.06924663572725273,0.056854978362944,0.16038578206930743
2024-09-20,238.25,243.99000549316406,235.9199981689453,241.52000427246094,99879100,1327.6099853515625,17948.3203125,16.149999618530273,255.79935449218655,144.07051227493324,18.019129277651476,17.536957921663582,0.03209559178367679,0.09117573649626036,0.054851776020518626,0.1562921734086281
2024-09-23,250.0,250.0,241.9199981689453,242.61000061035156,86927200,1331.5,17974.26953125,15.890000343322754,269.1162866522906,135.85752552963578,18.24731176464921,18.975534258137515,0.03304200218950356,0.08009139257257915,0.06809951510304935,0.16229283301371822
2024-09-24,254.27000427246094,257.19000244140625,249.0500030517578,254.0800018310547,88491000,1333.6199951171875,18074.51953125,15.390000343322754,246.63667600986363,141.17134889901246,20.690370801910422,13.093645666554657,0.027883151655345096,0.09091638289417579,0.05026274768621847,0.19440380622313677
2024-09-25,257.0199890136719,257.04998779296875,252.27999877929688,252.5399932861328,65034300,1324.8900146484375,18082.2109375,15.40999984741211,272.05345904070674,138.67974633529798,17.276158461058163,17.6687675896418,0.026177009182438184,0.07746455039461565,0.0619474174327718,0.1632452820451114
2024-09-26,254.22000122070312,261.75,251.52999877929688,260.6000061035156,67142200,1335.050048828125,18190.2890625,15.369999885559082,259.5320925201817,129.66839373370237,19.632458695880885,12.62857049895871,0.03211623482395596,0.07748871914279937,0.07705310725177278,0.1657988714115464
2024-09-27,260.4599914550781,260.70001220703125,254.1199951171875,257.3800048828125,70988100,1313.300048828125,18119.58984375,16.959999084472656,257.76557177846513,131.04137716357025,19.205020440712275,15.198462101032908,0.030836335026628626,0.07552124464566233,0.053638922282326786,0.16681692568939366
2024-09-30,261.6300048828125,264.8599853515625,255.77000427246094,259.0400085449219,80705700,1309.300048828125,18189.169921875,16.729999542236328,272.02668500161093,142.3708894636488,18.549919342749195,19.56374657567286,0.029918035348049044,0.08893447423945428,0.05086641329345584,0.18072560662138867
2024-10-01,258.0199890136719,263.9800109863281,248.52999877929688,262.6700134277344,87397600,1315.3299560546875,17910.359375,19.260000228881836,268.52377603267655,133.13175196835692,19.901774625866697,15.844268085224547,0.03074661958267365,0.07596898142652504,0.053929190204370966,0.18277524105947876
2024-10-02,249.02000427246094,251.16000366210938,241.5,247.5500030517578,93983900,1324.8399658203125,17925.119140625,18.899999618530273,257.94754462123166,132.66548724133452,18.633582586943348,14.848181735874785,0.03055662902807629,0.0870408568508589,0.06913918765241349,0.12157940369402953
2024-10-03,240.66000366210938,249.7899932861328,237.80999755859375,244.47999572753906,80729200,1324.030029296875,17918.48046875,20.489999771118164,277.91576788819617,128.93205848664346,18.64918097256434,16.49000935852907,0.03340009790516654,0.07864268674425821,0.07057557794920163,0.1926581835377066
2024-10-04,250.0800018310547,250.9600067138672,244.5800018310547,246.69000244140625,86573200,1334.4100341796875,18137.849609375,19.209999084472656,248.4894777764771,138.26587649115416,18.244644578517928,20.301838832692546,0.03343315733105819,0.06561254809678622,0.060188131928262736,0.19990771323858084
2024-10-07,240.8300018310547,249.8300018310547,240.6999969482422,249.0,68113300,1345.8800048828125,17923.900390625,22.639999389648438,270.77859403782037,149.36125291972104,19.412383471703233,13.741560955525301,0.03121089224292743,0.07710654186771006,0.06777429414937658,0.15644273932691802
2024-10-08,244.5,246.2100067138672,240.55999755859375,243.55999755859375,56303200,1342.3699951171875,18182.919921875,21.420000076293945,270.4786778453496,128.17105091729312,19.296130303748235,15.054381335649131,0.032103576502786266,0.07212843213115498,0.07225977410260839,0.1578042266820351
2024-10-09,241.0500030517578,247.42999267578125,239.50999450683594,243.82000732421875,66289500,1341.31005859375,18291.619140625,20.860000610351562,258.6229134967615,135.5621134813748,17.720949011135055,19.342129320613086,0.031121625155177336,0.08204722257155046,0.0747789197594696,0.16692957078163584
2024-10-10,238.77000427246094,242.7899932861328,232.33999633789062,241.80999755859375,83087100,1343.02001953125,18282.05078125,20.93000030517578,266.9722018405271,144.95875252976106,17.08656725019278,19.948212652533527,0.02823493759317753,0.07203603594538968,0.06187724409936268,0.16158504973989857
2024-10-11,217.8000030517578,223.33999633789062,214.3800048828125,220.1300048828125,142628900,1349.739990234375,18342.939453125,20.459999084472656,246.2559644322472,134.85898514809517,18.107573405430667,16.648997651376455,0.0318394314377429,0.08934169839854342,0.048839459573837465,0.17871424175658668
2024-10-14,219.16000366210938,221.91000366210938,213.74000549316406,220.1300048828125,86291900,1348.3299560546875,18502.689453125,19.700000762939453,274.8251995879222,138.46066521621952,17.561467446626345,14.738541638539429,0.025472294596176587,0.08102527268989329,0.05823233952667241,0.14077473799444706
2024-10-15,219.57000732421875,224.25999450683594,217.1199951171875,220.00999450683594,62988800,1357.27001953125,18315.58984375,20.639999389648438,260.2600455546859,128.20584408584696,18.235128510943,20.34883752309355,0.03271951899479582,0.08031779755085779,0.06073234940073282,0.1552586254115178
2024-10-16,221.3300018310547,222.82000732421875,218.92999267578125,221.39999389648438,49632800,1363.1800537109375,18367.080078125,19.579999923706055,255.82296029351957,138.29774942968928,19.42506914417121,19.505330435639674,0.026064212098292537,0.08713323001068905,0.06179728740397609,0.2017051670590574
2024-10-17,220.88999938964844,222.0800018310547,217.89999389648438,221.58999633789062,50791800,1364.199951171875,18373.609375,19.110000610351562,276.46676981962264,134.1312006367637,17.87495573647567,17.965192517512406,0.030445977728912412,0.08965186699993832,0.062248215053930384,0.15857471497075665
2024-10-18,220.6999969482422,222.27999877929688,219.22999572753906,220.7100067138672,49611900,1370.050048828125,18489.55078125,18.030000686645508,253.4374760441089,142.07145089072804,18.254063097532146,15.45629552838258,0.02709834428305857,0.08160565250677955,0.07053826176982486,0.19653512630123915
2024-10-21,218.85000610351562,220.47999572753906,215.72999572753906,218.89999389648438,47329000,1369.010009765625,18540.009765625,18.3700008392334,244.1892915825116,143.4366437358836,18.346303167456224,16.74051793990817,0.031238031389900306,0.07546389515058545,0.0715249683016918,0.1810113116589156
2024-10-22,217.97000122070312,218.22000122070312,215.25999450683594,217.30999755859375,43268700,1376.5,18579.76953125,18.200000762939453,242.24319074944867,152.92925632182911,19.069259148207298,16.553226235658283,0.02949958133125339,0.06726425044905111,0.062350897425338,0.14317400034899724
2024-10-23,213.64999389648438,218.72000122070312,212.11000061035156,217.1300048828125,80938900,1376.6300048828125,18276.650390625,19.239999771118164,270.64822619426764,139.32221296658736,16.238088606754708,17.379591149754788,0.02487952236383654,0.07616017113672333,0.07040878250443029,0.1859055543323793
2024-10-24,260.4800109863281,262.1199951171875,242.64999389648438,244.67999267578125,204491900,1377.3399658203125,18415.490234375,19.079999923706055,245.8709183790482,137.60376092710197,17.7383065376695,19.26401971936835,0.0308452709078147,0.07672305545915961,0.06570899853107695,0.17274317555766894
2024-10-25,269.19000244140625,269.489990234375,255.32000732421875,256.010009765625,161611900,1376.3199462890625,18518.609375,20.329999923706055,285.73685397987214,136.71411374113066,18.48648508003425,18.302443288305454,0.027889354500575177,0.082645408793118,0.06384922085958716,0.16683843585675454
2024-10-28,262.510009765625,273.5400085449219,262.239990234375,270.0,107653600,1387.6600341796875,18567.189453125,19.799999237060547,235.34367080431568,133.00724686555373,19.39089813841172,15.010530225688541,0.03220819429360757,0.07894773395293435,0.06919111067943354,0.17908184998864665
2024-10-29,259.5199890136719,264.9800109863281,255.50999450683594,264.510009765625,80521800,1381.969970703125,18712.75,19.34000015258789,284.9706199620443,137.6896543104801,17.84330772032006,19.13867997786787,0.029603924038653848,0.08739522791246453,0.06389836195789532,0.18309659332770753
2024-10-30,257.54998779296875,263.3500061035156,255.82000732421875,258.0400085449219,53993600,1383.1800537109375,18607.9296875,20.350000381469727,265.4602244682763,133.3983097779892,16.57682129940741,17.34978219914413,0.030770446116748593,0.07675763579081957,0.07649474807860261,0.18716870504811636
2024-10-31,249.85000610351562,259.75,249.25,257.989990234375,66575300,1378.5699462890625,18095.150390625,23.15999984741211,261.4183582569865,136.53861522670496,18.8600582627057,17.978850788373457,0.026765595893154973,0.0813035743786435,0.0543147152770609,0.1953958597751391
2024-11-01,248.97999572753906,254.0,246.6300048828125,252.0399932861328,57544800,1372.9300537109375,18239.919921875,21.8799991607666,255.5314275812653,144.31816343829382,17.712090420856928,19.290161687564392,0.02785557659497501,0.09145146532302095,0.060171751073745686,0.18193421575536567
2024-11-04,242.83999633789062,248.89999389648438,238.8800048828125,244.55999755859375,68802400,1379.3399658203125,18179.98046875,21.979999542236328,267.9310559531334,128.5839499382441,17.205089590129756,14.952988546243354,0.02824242963714079,0.08456510477450975,0.06263735918098359,0.1507539161280144
2024-11-05,251.44000244140625,255.27999877929688,246.2100067138672,247.33999633789062,69282500,1372.8599853515625,18439.169921875,20.489999771118164,262.1943195789779,143.1150224200767,17.72216724689228,16.76273062894212,0.032135839341517966,0.08127907302161261,0.06622788264853914,0.1665206774002572
2024-11-06,288.5299987792969,289.5899963378906,275.6199951171875,284.6700134277344,165228700,1378.0,18983.470703125,16.270000457763672,277.17987299316707,144.31489717274715,18.12445374112593,15.928934008248392,0.03456503617990425,0.07684790029829605,0.07148393569620175,0.22624448490049553
2024-11-07,296.9100036621094,299.75,285.5199890136719,288.8900146484375,117309200,1399.800048828125,19269.4609375,15.199999809265137,264.1889452267576,134.59883699360913,17.740095277542014,14.185390088707694,0.02721669161484109,0.07659206686906163,0.0632852105016531,0.18746410373547262
2024-11-08,321.2200012207031,328.7099914550781,297.6600036621094,299.1400146484375,204782800,1372.0799560546875,19286.779296875,14.9399995803833,264.6627581902504,121.03338860528996,16.275885421308075,17.40627019532476,0.032787470508186735,0.07481453543061192,0.054417370814647446,0.21621514201818498
2024-11-11,350.0,358.6400146484375,336.0,346.29998779296875,210521600,1397.199951171875,19298.759765625,14.970000267028809,257.91279030611366,131.28325137090448,19.1137440029507,21.048191586730475,0.023177754843531923,0.07734618685849323,0.06878490273785359,0.19919218775684178
2024-11-12,328.489990234375,345.8399963378906,323.30999755859375,342.739990234375,155726000,1400.550048828125,19281.400390625,14.710000038146973,261.94068160601086,144.17868310822314,19.45931124505606,13.727437210417971,0.026065199372766825,0.08794907956341226,0.06822945303492524,0.1790267002107945
2024-11-13,330.239990234375,344.6000061035156,322.5,335.8500061035156,125405600,1406.6500244140625,19230.720703125,14.020000457763672,266.73143124909154,135.24333533353231,18.88915414703378,16.768694328031476,0.026762015769687147,0.07995561960564311,0.051120844635826376,0.18006859557977395
2024-11-14,311.17999267578125,329.9800109863281,310.3699951171875,327.69000244140625,120726100,1399.0,19107.650390625,14.3100004196167,240.22654039318644,128.63296632281993,17.252634604392163,17.900585379676293,0.025596574279255463,0.07073290561166967,0.06341586157789451,0.17416058090295275
2024-11-15,320.7200012207031,324.67999267578125,309.2200012207031,310.57000732421875,114440300,1400.8299560546875,18680.119140625,16.139999389648438,244.9809809240539,131.98087047496517,18.10893543117311,17.030054458646195,0.024912578366228764,0.09622832030934984,0.053352136021235105,0.1444231753150032
2024-11-18,338.739990234375,348.54998779296875,330.010009765625,340.7300109863281,126085600,1394.3499755859375,18791.810546875,15.579999923706055,272.4509813293509,141.08906982208336,18.287267203378118,16.63268467725277,0.03082247677992788,0.08438635536799399,0.059223448769772466,0.17511546597314456
2024-11-19,346.0,347.3800048828125,332.75,335.760009765625,88852500,1389.5,18987.470703125,16.350000381469727,264.9328503928089,139.09948568386827,18.84092623442772,14.63732831177509,0.02896635961472553,0.0702654238140038,0.05771257561875246,0.19596259117843762
2024-11-20,342.0299987792969,346.6000061035156,334.29998779296875,345.0,66340700,1392.1600341796875,18966.140625,17.15999984741211,260.2721134715343,133.78060178984032,18.904537380755663,17.214617137648236,0.030723039976911126,0.07815700132195177,0.06857396984101481,0.16431829289052538
2024-11-21,339.6400146484375,347.989990234375,335.2799987792969,343.80999755859375,58011700,1397.6199951171875,18972.419921875,16.8700008392334,262.930749231123,132.91478266327263,17.621711418531184,15.549895961466108,0.03164379915091968,0.08267671795238797,0.06418116556653325,0.18200093842360043
2024-11-22,352.55999755859375,361.5299987792969,337.70001220703125,341.0899963378906,89140700,1399.5999755859375,19003.650390625,15.239999771118164,267.25391809972604,132.7459835686021,18.368230186822117,13.13889471571458,0.0303862262997907,0.09570844954689264,0.05528420633399926,0.1896858114822131
2024-11-25,338.5899963378906,361.92999267578125,338.20001220703125,360.1400146484375,95890900,1403.510009765625,19054.83984375,14.600000381469727,255.59919345251478,129.15351837388718,18.711488826534023,18.83266249257025,0.03154697900140511,0.07270896442881722,0.0690231330289684,0.15889878592081794
2024-11-26,338.2300109863281,346.9599914550781,335.6600036621094,341.0,62295900,1395.56005859375,19174.30078125,14.100000381469727,252.466039898077,146.33409399545684,19.624816774490476,18.43529246472027,0.029394184432722886,0.08975108496217357,0.05434393156990105,0.16691122593127275
2024-11-27,332.8900146484375,342.54998779296875,326.5899963378906,341.79998779296875,57896400,1395.27001953125,19060.48046875,14.100000381469727,265.2609460876805,133.2160702380826,18.937617078926543,16.90990926135657,0.026086499570614995,0.09321360051335284,0.06553423672169077,0.15700690714645926
2024-11-29,345.1600036621094,345.45001220703125,334.6499938964844,336.0799865722656,37167600,1393.300048828125,19218.169921875,13.510000228881836,249.83825977095063,143.63820059882542,19.01495185216559,17.208372347968453,0.03273112997522956,0.07662949374740524,0.0582759117210197,0.1604285451950692
2024-12-02,357.0899963378906,360.0,351.1499938964844,352.3800048828125,77986500,1399.8599853515625,19403.94921875,13.34000015258789,268.05079785461794,145.69731894978017,18.369904997624474,18.63032519279139,0.027856228086967864,0.07950077113857987,0.061120139771264924,0.1522926596417445
2024-12-03,351.4200134277344,355.69000244140625,348.20001220703125,351.79998779296875,58267200,1401.06005859375,19480.91015625,13.300000190734863,240.32616227711497,142.1566224367036,19.583324818486467,17.20040660459777,0.02683063495566322,0.07329609928422468,0.06663908837342013,0.1590601608951121
2024-12-04,357.92999267578125,358.1000061035156,348.6000061035156,353.0,50810900,1411.6700439453125,19735.119140625,13.449999809265137,276.2060042212925,132.47612040777773,18.668026294572787,18.34382873237496,0.029073363087618983,0.08010629824938634,0.06674806972690896,0.19961208530034624
2024-12-05,369.489990234375,375.42999267578125,359.5,359.8699951171875,81403600,1410.800048828125,19700.259765625,13.539999961853027,268.8959292598266,138.13136536654548,17.505627954339985,16.322545693469923,0.026898079678882324,0.08147080377979785,0.07192172613415447,0.1587974615315017
2024-12-06,389.2200012207031,389.489990234375,370.79998779296875,377.4200134277344,81455800,1399.989990234375,19859.76953125,12.770000457763672,266.0514350073088,135.23434798282707,19.57684062226666,19.03015024340295,0.02836440606931128,0.08716395803431953,0.06291817757041115,0.17701050714918087
2024-12-09,389.7900085449219,404.79998779296875,378.010009765625,397.6099853515625,96359200,1424.219970703125,19736.689453125,14.1899995803833,275.59571741429994,129.28017199527915,18.93157732390578,17.362657826736555,0.030618399607827862,0.09068443024253418,0.065384119121414,0.1660098541858317
2024-12-10,400.989990234375,409.7300109863281,390.8500061035156,392.67999267578125,97563600,1426.5999755859375,19687.240234375,14.180000305175781,284.56369000579423,137.59403233402168,17.88799664676419,17.149453584728164,0.030631091548168538,0.07565281847958878,0.060662989645535625,0.19540657657940572
2024-12-11,424.7699890136719,424.8800048828125,402.3800048828125,409.70001220703125,104287600,1433.949951171875,20034.890625,13.579999923706055,276.0118041346312,127.41615967502881,17.85465819524986,14.686376230459748,0.026942423003380137,0.06568318294982403,0.06459453872436409,0.19771911694463123
2024-12-12,418.1000061035156,429.29998779296875,415.0,424.8399963378906,87752200,1429.1500244140625,19902.83984375,13.920000076293945,238.50979350845935,143.43862959954134,18.564498262639322,17.305745833691766,0.028156392096071715,0.08159628143985817,0.06622809426882298,0.1899039432877888
2024-12-13,436.2300109863281,436.29998779296875,415.7099914550781,420.0,89000200,1427.8599853515625,19926.720703125,13.8100004196167,245.88211398143213,132.25273387438986,18.716889345935122,15.423402242299085,0.032780025694119926,0.08417025638255357,0.06281631737690437,0.18015123198823618
2024-12-16,463.0199890136719,463.19000244140625,436.1499938964844,441.0899963378906,114083800,1434.449951171875,20173.890625,14.6899995803833,254.48199319132866,136.75998226299095,18.473687659349864,15.749216969161115,0.031069344348492466,0.08380948843220058,0.05199700283079244,0.1707610792960211
2024-12-17,479.8599853515625,483.989990234375,457.510009765625,475.8999938964844,131223000,1431.3499755859375,20109.060546875,15.869999885559082,263.0313211117572,137.31598268623924,18.577974089345147,15.45129358048379,0.035742192516471684,0.07909879285511855,0.06554284620058776,0.15396603017073696
2024-12-18,440.1300048828125,488.5400085449219,427.010009765625,466.5,149340800,1436.4200439453125,19392.689453125,27.6200008392334,269.4877869447088,133.64538727673346,19.848117732161832,15.029272974065934,0.033093179394274926,0.08279009791895199,0.06575277283006228,0.208772884842016
2024-12-19,436.1700134277344,456.3599853515625,420.0199890136719,451.8800048828125,118566100,1451.5,19372.76953125,24.09000015258789,253.156397599587,139.37001276681096,19.273331374092205,20.397502931295435,0.03298710748293742,0.09416179219789632,0.059124974806135336,0.16152091564968538
2024-12-20,421.05999755859375,447.0799865722656,417.6400146484375,425.510009765625,132216200,1437.449951171875,19572.599609375,18.360000610351562,265.1417052745008,132.18309617325374,18.46759905492341,19.06271170398309,0.025491909090650827,0.08489144029960644,0.05529184428534949,0.18640053814613408
2024-12-23,430.6000061035156,434.510009765625,415.4100036621094,431.0,72698100,1445.4200439453125,19764.880859375,16.780000686645508,252.76710461873614,141.2967521087855,19.154212641901715,20.053634248857293,0.031861026640834934,0.07871696638874977,0.07280297159285758,0.193321206209457
2024-12-24,462.2799987792969,462.7799987792969,435.1400146484375,435.8999938964844,59551800,1442.699951171875,20031.130859375,14.270000457763672,254.65669130557174,126.28599206784992,17.348822034361255,14.765723708601675,0.029442803866977146,0.07767988244960604,0.06655772507539133,0.16509369691409484
2024-12-26,454.1300048828125,465.3299865722656,451.0199890136719,465.1600036621094,76366400,1457.6099853515625,20020.359375,14.729999542236328,244.21293617973214,136.2537280634181,18.65720059218763,16.942870183475094,0.02796909386152678,0.08038111727126919,0.06198670505437319,0.19294445897748302
2024-12-27,431.6600036621094,450.0,426.5,449.5199890136719,82666800,1466.989990234375,19722.029296875,15.949999809265137,250.5624861704337,148.52451997269216,19.948135040737046,14.64693212211915,0.030097325407976286,0.09515362266788914,0.05622665895782878,0.1881584467943632
2024-12-30,417.4100036621094,427.0,415.75,419.3999938964844,64941000,1472.800048828125,19486.7890625,17.399999618530273,244.93502113792775,128.62599946306779,18.093793792446977,15.65263250809138,0.032397826142449994,0.08027115009820428,0.058226402139402396,0.20500480784247327
2024-12-31,403.8399963378906,427.92999267578125,402.5400085449219,423.7900085449219,76825100,1467.3900146484375,19310.7890625,17.350000381469727,249.87108960608705,130.80987924095652,17.51793379463498,15.278434975798296,0.031082461509372467,0.08160814164485417,0.07170362782591666,0.1665958237668611
