Date,Close,High,Low,Open,Volume,returns,sentiment_mean,sentiment_vol
2022-01-03,399.9266662597656,400.3566589355469,378.67999267578125,382.5833435058594,103931400,0.1353166841897706,0.24404251278635047,0.07340820449750365
2022-01-04,383.1966552734375,402.6666564941406,374.3500061035156,396.51666259765625,100248300,-0.041832696836128,0.20573559796267646,0.08412572649775311
2022-01-05,362.7066650390625,390.11334228515625,360.336669921875,382.2166748046875,80119800,-0.05347121367683638,0.11179684968775992,0.0853005888170187
2022-01-06,354.8999938964844,362.6666564941406,340.1666564941406,359.0,90336600,-0.02152337383085412,0.1431360759918054,0.08616375185024726
2022-01-07,342.32000732421875,360.30999755859375,336.6666564941406,360.1233215332031,84164700,-0.035446567451716815,0.10555478106008265,0.08554318080834557
2022-01-10,352.7066650390625,353.0333251953125,326.6666564941406,333.3333435058594,91815000,0.03034195341380186,0.1427510789654494,0.08514173706146455
2022-01-11,354.79998779296875,358.6166687011719,346.2733459472656,351.22332763671875,66063300,0.005935024657598653,0.0694993533385082,0.08341323861303436
2022-01-12,368.739990234375,371.61334228515625,357.5299987792969,359.6166687011719,83739000,0.039289748931841784,0.10509901652195874,0.08151400116387278
2022-01-13,343.85333251953125,371.8666687011719,342.17999267578125,369.69000244140625,97209900,-0.06749107331435766,0.08459726616363607,0.07990872039415722
2022-01-14,349.8699951171875,350.6666564941406,337.7933349609375,339.9599914550781,72924300,0.017497758575059086,0.02078706274272214,0.07992048856776157
2022-01-18,343.5033264160156,356.92999267578125,338.6866760253906,342.2033386230469,66743400,-0.01819724123253097,0.003985113862869684,0.08095308910450205
2022-01-19,331.8833312988281,351.5566711425781,331.6666564941406,347.2366638183594,75442500,-0.0338278969185718,0.014182797264197675,0.07138976403409203
2022-01-20,332.0899963378906,347.2200012207031,331.3333435058594,336.57666015625,70488600,0.0006227038828787723,0.006775101426773254,0.06984950916081209
2022-01-21,314.6333312988281,334.8500061035156,313.5,332.11334228515625,103416000,-0.05256606712507206,0.07947283084922327,0.06982627102073703
2022-01-24,310.0,311.1700134277344,283.8233337402344,301.586669921875,151565700,-0.014726129872195681,0.1118610383993929,0.06910630047644978
2022-01-25,306.1333312988281,317.086669921875,301.07000732421875,304.73333740234375,86595900,-0.012473124842489969,-0.04344663861177288,0.07437330565363075
2022-01-26,312.4700012207031,329.2300109863281,302.0,317.4766540527344,104867400,0.02069905258271132,0.02432279564643132,0.07466552340653085
2022-01-27,276.3666687011719,311.7966613769531,276.3333435058594,311.1199951171875,147109500,-0.11554175561970448,0.08328487287046113,0.0735065565085174
2022-01-28,282.1166687011719,285.8333435058594,264.0033264160156,277.1866760253906,134789100,0.020805692766870276,0.060636114531793836,0.07241503536264837
2022-01-31,312.239990234375,312.663330078125,287.3500061035156,290.9033203125,104436000,0.10677611383930952,0.018356977395949464,0.07092772236207961
2022-02-01,310.4166564941406,314.5666809082031,301.6666564941406,311.7366638183594,73138200,-0.0058395266373975074,-0.04606751354788134,0.06494506945158848
2022-02-02,301.88665771484375,310.5,296.4700012207031,309.3933410644531,66792900,-0.02747919159891432,-0.08603944154756955,0.06446413040734197
2022-02-03,297.0466613769531,312.3333435058594,293.50665283203125,294.0,78855600,-0.016032495024879134,-0.04303392756063582,0.06599759483195357
2022-02-04,307.7733459472656,312.1666564941406,293.72332763671875,299.0733337402344,73625400,0.03611110968421327,-0.04476772953334621,0.06431337554438359
2022-02-07,302.4466552734375,315.92333984375,300.9033203125,307.92999267578125,60994500,-0.01730718642133755,-0.06947615139959167,0.06586672547844959
2022-02-08,307.3333435058594,308.7633361816406,298.26666259765625,301.84332275390625,50729100,0.0161571905234128,-0.06860061167331588,0.06280285380970711
2022-02-09,310.6666564941406,315.42333984375,306.6666564941406,311.6666564941406,52259400,0.010845920427172029,-0.05912672050336333,0.06341104344480775
2022-02-10,301.51666259765625,314.60333251953125,298.8999938964844,302.7900085449219,66126900,-0.029452771017468238,-0.015270435618370862,0.059249900384379196
2022-02-11,286.6666564941406,305.32000732421875,283.5666809082031,303.2099914550781,79645800,-0.04925102969626416,0.005369090105720259,0.05596789346334574
2022-02-14,291.9200134277344,299.6266784667969,284.3833312988281,287.19000244140625,67756500,0.01832566437213501,-0.009097418366506562,0.05571632013529277
2022-02-15,307.4766540527344,307.6666564941406,297.7933349609375,300.0,57286200,0.053290764282768466,-0.02043858174277689,0.055803511660170196
2022-02-16,307.7966613769531,308.80999755859375,300.4033203125,304.6833190917969,51294300,0.0010407532409399955,0.025964568054874803,0.0560787936255973
2022-02-17,292.1166687011719,306.1666564941406,291.3666687011719,304.4200134277344,55178400,-0.05094269900666093,-0.0008109723677899132,0.05602438796233113
2022-02-18,285.6600036621094,295.6233215332031,279.2033386230469,295.3333435058594,68501700,-0.022103035296720752,-0.03011009479163834,0.05259789386789071
2022-02-22,273.84332275390625,285.57666015625,267.0333251953125,278.0433349609375,83288100,-0.04136624223452856,0.0019822373368073715,0.04423781676931691
2022-02-23,254.67999267578125,278.4333190917969,253.52000427246094,276.80999755859375,95256900,-0.06997917599526948,0.019125825249686937,0.04439341330965144
2022-02-24,266.92333984375,267.49334716796875,233.3333282470703,233.4633331298828,135322200,0.04807345500262783,0.14358608643897214,0.05609473889713842
2022-02-25,269.9566650390625,273.1666564941406,260.79998779296875,269.74334716796875,76067700,0.011364031324829549,-0.008198344437663284,0.051945011424937564
2022-02-28,290.1433410644531,292.28668212890625,271.57000732421875,271.6700134277344,99006900,0.07477746853358713,0.09917532465150328,0.05535683049188184
2022-03-01,288.1233215332031,296.6266784667969,284.59332275390625,289.8933410644531,74766900,-0.006962143345558558,0.03028780494003123,0.0557343921069605
2022-03-02,293.2966613769531,295.49334716796875,281.42333984375,290.7099914550781,74643300,0.01795529711451649,0.03262687869550761,0.05574105561702677
2022-03-03,279.7633361816406,295.4800109863281,277.5333251953125,292.92333984375,61623600,-0.04614210448825773,-0.00782205372706964,0.05238737153327247
2022-03-04,279.42999267578125,285.2166748046875,275.0533447265625,283.0333251953125,66999600,-0.0011915196265851469,0.02729570153844519,0.0517693170897717
2022-03-07,268.1933288574219,288.71331787109375,268.19000244140625,285.4333190917969,72494100,-0.04021280504200253,0.01904133481510225,0.05065163139078555
2022-03-08,274.79998779296875,283.3299865722656,260.72332763671875,265.1766662597656,80399100,0.02463394210323222,0.021342128322915856,0.04752469590731993
2022-03-09,286.3233337402344,286.85333251953125,277.336669921875,279.82666015625,59184000,0.04193357517885765,-0.017455003640573202,0.04432293700486251
2022-03-10,279.4333190917969,284.8166809082031,270.1199951171875,283.8166809082031,58648500,-0.024063755330148706,-0.00821480473213239,0.04133115894946161
2022-03-11,265.1166687011719,281.26666259765625,264.5899963378906,280.0666809082031,67037100,-0.0512345859010529,0.0037193560866769157,0.04080379257821887
2022-03-14,255.4566650390625,266.8999938964844,252.01333618164062,260.2033386230469,71152200,-0.036436802368687404,0.018798429662963884,0.04072367843983575
2022-03-15,267.2966613769531,268.5233459472656,252.19000244140625,258.42333984375,66841200,0.046348355546253384,0.053512467420338286,0.04101413625609725
2022-03-16,280.07666015625,280.6666564941406,267.4200134277344,269.6666564941406,84028800,0.047812040425278646,0.09692710858278565,0.04323424103364847
2022-03-17,290.5333251953125,291.6666564941406,275.239990234375,276.9966735839844,66582900,0.037335010469022656,0.05813483975829639,0.043825733128389534
2022-03-18,301.7966613769531,302.6166687011719,289.1300048828125,291.4966735839844,100414200,0.03876779427650434,0.12800860004661,0.04862640527833849
2022-03-21,307.0533447265625,314.2833251953125,302.36334228515625,304.99334716796875,81981600,0.017417963888751054,0.0897737038861299,0.04767591727736349
2022-03-22,331.32666015625,332.6199951171875,307.25,310.0,105868500,0.07905243778179138,0.16789086955203156,0.05462502499013775
2022-03-23,333.03668212890625,346.8999938964844,325.4666748046875,326.64666748046875,120676200,0.005161136057840299,0.22792004147714387,0.06723640761671909
2022-03-24,337.97332763671875,341.4966735839844,329.6000061035156,336.57666015625,68920800,0.014823128420135223,0.11280439456530213,0.06552438398262433
2022-03-25,336.8800048828125,340.6000061035156,332.44000244140625,336.0,62031600,-0.003234937980317265,0.1180821097609294,0.06496476478781911
2022-03-28,363.9466552734375,365.9599914550781,351.20001220703125,355.0333251953125,102506100,0.0803450783611821,0.23512164822798354,0.0751910003702838
2022-03-29,366.5233459472656,371.5899963378906,357.7033386230469,369.3299865722656,73614900,0.007079858095940583,0.15543764420263365,0.07686690186547022
2022-03-30,364.663330078125,371.3166809082031,361.3333435058594,363.72332763671875,59865000,-0.00507475414515135,0.13255289475332915,0.07710221346220596
2022-03-31,359.20001220703125,367.71331787109375,358.8800048828125,364.8566589355469,48992700,-0.014981813142339484,0.12769522053394386,0.07474471819340743
2022-04-01,361.5299987792969,364.9166564941406,355.5466613769531,360.3833312988281,54263100,0.006486599368272561,0.1709530038335359,0.07546086243996082
2022-04-04,381.8166809082031,383.3033447265625,357.510009765625,363.1266784667969,82035900,0.05611341298759176,0.24546978145624238,0.08020620866858413
2022-04-05,363.7533264160156,384.2900085449219,362.4333190917969,378.76666259765625,80075100,-0.047308971544201106,0.18759372881601122,0.07948159120352141
2022-04-06,348.586669921875,359.6666564941406,342.5666809082031,357.8233337402344,89348400,-0.041694894294368345,0.16671380730999283,0.07376213084336382
2022-04-07,352.4200134277344,358.86334228515625,340.5133361816406,350.7966613769531,79447200,0.010996816105212748,0.13205885995277786,0.06682726016197968
2022-04-08,341.8299865722656,349.4800109863281,340.8133239746094,347.7366638183594,55013700,-0.03004944796541842,0.04553555291807182,0.06317470003975023
2022-04-11,325.30999755859375,336.15667724609375,324.8800048828125,326.79998779296875,59357100,-0.048328086073804455,-0.0014868604943857906,0.06524296166992138
2022-04-12,328.98333740234375,340.39666748046875,325.5333251953125,332.5466613769531,65976000,0.011291813566499442,0.019102138440901965,0.06783861840051171
2022-04-13,340.7900085449219,342.0799865722656,324.3666687011719,327.02667236328125,55121100,0.03588835603591267,0.003906153987092339,0.07325665207333265
2022-04-14,328.3333435058594,337.57000732421875,327.39666748046875,333.0966796875,58422300,-0.03655231880843268,-0.002061888197783473,0.07732258552372827
2022-04-18,334.7633361816406,338.3066711425781,324.4700012207031,329.6766662597656,51715200,0.019583733431163042,-0.04838118608553033,0.0862803862245493
2022-04-19,342.7166748046875,344.9800109863281,331.77667236328125,335.0199890136719,49847700,0.023758093445249484,-0.04082270571156778,0.09292312643662141
2022-04-20,325.73333740234375,344.6666564941406,325.0833435058594,343.3333435058594,70711200,-0.04955503671370076,0.007037263989070328,0.09439818630461651
2022-04-21,336.260009765625,364.0733337402344,332.1400146484375,358.24334716796875,105416400,0.03231684066245499,0.13229331960934662,0.0898788170544992
2022-04-22,335.01666259765625,344.95001220703125,331.3333435058594,338.3033447265625,69696600,-0.003697576672395231,0.02333141569104679,0.09116249717173894
2022-04-25,332.67333984375,336.2066650390625,325.1000061035156,326.3233337402344,68341200,-0.006994645387893739,-0.01887575168171382,0.09407937100434216
2022-04-26,292.1400146484375,333.3333435058594,291.6666564941406,331.80999755859375,136133700,-0.12184121881948873,0.14890673022646028,0.08858901661734365
2022-04-27,293.836669921875,306.0,292.4533386230469,299.52667236328125,76956300,0.005807678470473254,-0.0042896754451223346,0.0885682120137414
2022-04-28,292.5033264160156,300.0,273.8999938964844,299.99334716796875,124948500,-0.004537702888526063,0.10724795029975914,0.08782568665266882
2022-04-29,290.2533264160156,311.4666748046875,290.0,300.75,88133100,-0.007692220213591394,0.00892856820875429,0.0877413254288465
2022-05-02,300.9800109863281,302.1199951171875,282.6766662597656,286.92333984375,75781500,0.03695628471433299,0.011847055050322672,0.08470934635516492
2022-05-03,303.0833435058594,308.02667236328125,296.1966552734375,301.05999755859375,63709500,0.006988279761963367,-0.019582652520510717,0.07353715587219857
2022-05-04,317.5400085449219,318.5,295.09332275390625,301.3133239746094,81643800,0.04769864576468552,0.03179886203701285,0.06518617813238882
2022-05-05,291.09332275390625,315.20001220703125,285.8999938964844,313.00665283203125,92519100,-0.08328615317548016,0.043057954932159505,0.05745801194109268
2022-05-06,288.54998779296875,296.0,281.03668212890625,295.6666564941406,72903000,-0.008737180698190294,-0.021502354065268188,0.05304935791769479
2022-05-09,262.3699951171875,281.8766784667969,260.3833312988281,278.8166809082031,90810300,-0.09072948807249681,-0.016353581417779373,0.05336532852963962
2022-05-10,266.67999267578125,275.1199951171875,258.0833435058594,273.10333251953125,84401700,0.016427173986372612,-0.01579127900661162,0.05373769399994391
2022-05-11,244.6666717529297,269.92333984375,242.39999389648438,265.0,97224600,-0.08254582843646041,-0.02421350089612699,0.05453623145143639
2022-05-12,242.6666717529297,253.22000122070312,226.6666717529297,233.6666717529297,140313000,-0.008174386751047313,0.06513393964212869,0.055570262205652574
2022-05-13,256.5299987792969,262.45001220703125,250.52333068847656,257.82666015625,92150700,0.05712909369145702,-0.026291510580146712,0.056298830958745376
2022-05-16,241.4566650390625,256.586669921875,239.69667053222656,255.72000122070312,86098500,-0.05875856161837267,-0.024855389859379823,0.05508984321830587
2022-05-17,253.8699951171875,254.82666015625,242.9499969482422,249.1199951171875,80236200,0.05141017778952928,-0.023059469954563424,0.05422199781259322
2022-05-18,236.60333251953125,253.5,233.60333251953125,248.17333984375,87811800,-0.06801379812405906,-0.022099065940648276,0.05495354385643715
2022-05-19,236.47332763671875,244.6666717529297,231.3699951171875,235.6666717529297,90296700,-0.0005494634476534976,-0.012952545815165722,0.04820721558638888
2022-05-20,221.3000030517578,240.52667236328125,211.0,237.99667358398438,144973200,-0.06416505716141863,0.06715964184543939,0.04979046131560905
2022-05-23,224.96665954589844,226.65333557128906,212.68666076660156,218.33999633789062,88903500,0.01656871415985961,-0.05205625817622102,0.05142430211625912
2022-05-24,209.3866729736328,217.97332763671875,206.85667419433594,217.8433380126953,89092500,-0.06925464690507588,-0.07902102003656553,0.04398339245865054
2022-05-25,219.60000610351562,223.10667419433594,207.6699981689453,207.9499969482422,92139300,0.04877737911795821,-0.04131059447486288,0.04492704639620951
2022-05-26,235.91000366210938,239.55667114257812,217.8866729736328,220.47332763671875,106003200,0.07427138936829314,0.01836549635584568,0.03727577526940557
2022-05-27,253.2100067138672,253.26666259765625,240.17666625976562,241.0833282470703,89295000,0.07333306253742577,0.030456855716253617,0.03805176744296287
2022-05-31,252.75332641601562,259.6000061035156,244.7433319091797,257.9466552734375,101914500,-0.001803563389055185,0.04880301154692525,0.03979890501389937
2022-06-01,246.7899932861328,257.32666015625,243.63999938964844,251.72000122070312,77247900,-0.02359349020027357,0.015092627809299633,0.03982658220668449
2022-06-02,258.3333435058594,264.2099914550781,242.06666564941406,244.1566619873047,93473100,0.04677398003874078,0.06558439953026893,0.041992460968456824
2022-06-03,234.51666259765625,247.79666137695312,233.4166717529297,243.22666931152344,112393800,-0.09219359988526965,0.055893344550783014,0.042780542799071786
2022-06-06,238.27999877929688,244.86666870117188,234.35000610351562,244.35333251953125,84204600,0.0160472016783606,0.01854347631717318,0.0426409025709363
2022-06-07,238.8866729736328,239.99667358398438,230.0933380126953,234.0,72808500,0.0025460558898939833,-0.019641971286120895,0.04272308413018495
2022-06-08,241.86666870117188,249.9633331298828,239.17666625976562,240.086669921875,76210500,0.012474516432601446,0.017576929796728598,0.042635502481116375
2022-06-09,239.7066650390625,255.54666137695312,239.32666015625,249.33999633789062,96491400,-0.008930555308462429,0.05801025633929824,0.043736519765425017
2022-06-10,232.22999572753906,239.5,227.913330078125,235.1566619873047,97536600,-0.031190911234383223,0.07773863796348135,0.044684195079529684
2022-06-13,215.73666381835938,226.63333129882812,214.68333435058594,223.1666717529297,102767400,-0.07102153990705962,0.05597599428133831,0.04508825160301271
2022-06-14,220.88999938964844,226.3300018310547,211.73666381835938,218.2866668701172,97988700,0.023887157055640484,0.07696818676610473,0.04635422417219677
2022-06-15,233.0,235.663330078125,218.14999389648438,220.9166717529297,119131800,0.05482367080362738,0.11945123086592647,0.05050960370153188
2022-06-16,213.10000610351562,225.1666717529297,208.69332885742188,222.73666381835938,107390700,-0.08540769912654234,0.035934090533750324,0.04931878151099918
2022-06-17,216.75999450683594,220.97000122070312,213.19667053222656,213.43333435058594,92641800,0.017174980283869212,-0.02239877441640445,0.04977302562206891
2022-06-21,237.0366668701172,243.57666015625,224.3333282470703,224.60333251953125,122793000,0.0935443480214786,0.0816279145741383,0.0504820779696368
2022-06-22,236.086669921875,246.8333282470703,233.82666015625,234.50332641601562,101107500,-0.004007805884153504,0.041916246257131,0.046875255463868726
2022-06-23,235.07000732421875,239.31666564941406,228.6366729736328,237.9066619873047,104202600,-0.004306310889948484,0.025170668171183783,0.038909132398504256
2022-06-24,245.7066650390625,246.06666564941406,236.086669921875,237.47000122070312,95770800,0.04524889345059324,0.06706745050054472,0.03459127498830365
2022-06-27,244.9199981689453,252.07000732421875,242.56666564941406,249.36666870117188,89178300,-0.0032016505127857586,0.047757368751534184,0.03409216304526784
2022-06-28,232.663330078125,249.97000122070312,232.3433380126953,244.48333740234375,90391200,-0.0500435578248114,0.027149379207325963,0.034173714938649895
2022-06-29,228.49000549316406,231.17333984375,222.27333068847656,230.5,82897200,-0.01793718238090891,0.001215561483495678,0.03550455540223711
2022-06-30,224.47332763671875,229.4566650390625,218.8633270263672,224.50999450683594,94600500,-0.017579227799377373,0.021136674682463955,0.035285550751351424
2022-07-01,227.26333618164062,230.22999572753906,222.1199951171875,227.0,74460300,0.012429131666979787,-0.0016651777153099193,0.03617638298505179
2022-07-05,233.06666564941406,233.14666748046875,216.1666717529297,223.0,84581100,0.025535704813974602,0.06557295909851354,0.03647398622462971
2022-07-06,231.73333740234375,234.56333923339844,227.18666076660156,230.77999877929688,71853600,-0.005720802000385383,0.027914043279583363,0.036246643575200445
2022-07-07,244.5433349609375,245.3633270263672,232.2100067138672,233.9199981689453,81930600,0.055279044880592876,0.0492530808999177,0.033421426841626876
2022-07-08,250.76333618164062,254.97999572753906,241.16000366210938,242.3333282470703,101854200,0.02543516968760029,0.15243217561842048,0.04069286579404541
2022-07-11,234.3433380126953,253.06333923339844,233.6266632080078,252.10333251953125,99241200,-0.06548005948146851,0.09438406864445717,0.04184682442997914
2022-07-12,233.07000732421875,239.77333068847656,228.3699951171875,236.84666442871094,87930900,-0.005433611636988744,0.02661912624821873,0.0417678752774899
2022-07-13,237.0399932861328,242.05999755859375,225.03334045410156,225.5,97954500,0.017033448479672808,0.061319099845801334,0.04182735019772084
2022-07-14,238.31333923339844,238.65333557128906,229.3333282470703,234.89666748046875,78557400,0.005371861218914864,0.027677742444449687,0.04160259997526406
2022-07-15,240.06666564941406,243.6233367919922,236.88999938964844,240.0,69683100,0.0073572315408600986,-0.009510866030839586,0.03981566117189102
2022-07-18,240.54666137695312,250.51666259765625,239.60333251953125,244.93666076660156,82537500,0.001999426810217919,0.026128223158428124,0.03994187282067518
2022-07-19,245.52999877929688,247.13999938964844,236.97666931152344,245.0,80890200,0.020716718219316865,0.07359775833304183,0.03768483385954195
2022-07-20,247.5,250.663330078125,243.48333740234375,246.78334045410156,88864200,0.008023464466653252,0.11737970227557726,0.04025701266413004
2022-07-21,271.7066650390625,273.26666259765625,254.86666870117188,255.10667419433594,142032300,0.09780470722853529,0.2811961619733027,0.06597087970414846
2022-07-22,272.24334716796875,280.78668212890625,270.71331787109375,276.2200012207031,103472700,0.0019752262198982073,0.19317718002071105,0.07185826854644004
2022-07-25,268.4333190917969,274.14666748046875,267.3999938964844,272.2166748046875,64073400,-0.013994935471540293,0.08730314632944405,0.07199433786056947
2022-07-26,258.8599853515625,267.30999755859375,256.2633361816406,266.5133361816406,66820800,-0.0356637312112531,0.06859825824670726,0.07182891471836239
2022-07-27,274.82000732421875,275.9266662597656,261.7900085449219,263.80999755859375,88110000,0.061655036992220635,0.12243580496337098,0.07202877606007325
2022-07-28,280.8999938964844,283.29998779296875,272.79998779296875,280.0666809082031,84723000,0.02212352234272652,0.1143942552804226,0.07041180598817898
2022-07-29,297.1499938964844,298.32000732421875,279.1000061035156,280.70001220703125,95313000,0.05784976985791013,0.20939399041961088,0.07459252802806922
2022-08-01,297.27667236328125,311.8766784667969,295.0,301.27667236328125,117042900,0.00042631152414229767,0.25757011862896184,0.08024809726546499
2022-08-02,300.586669921875,307.8333435058594,292.6666564941406,294.0033264160156,95577600,0.011134400598203698,0.20782637178084856,0.08307214059231688
2022-08-03,307.39666748046875,309.54998779296875,301.1499938964844,305.0,80091000,0.02265568716125621,0.17606517753505854,0.08201711532586328
2022-08-04,308.6333312988281,313.6066589355469,305.0,311.0,72256200,0.004023022853486102,0.15965272396784175,0.08093532395543677
2022-08-05,288.1700134277344,304.6066589355469,285.5433349609375,302.6700134277344,113172900,-0.0663030068235908,0.18668541283347,0.08196059948585002
2022-08-08,290.42333984375,305.20001220703125,289.086669921875,295.0,98994000,0.007819434052879659,0.1537318211064203,0.0819026348340769
2022-08-09,283.3333435058594,292.39666748046875,279.35333251953125,290.2933349609375,86244600,-0.024412625864385085,0.106617764488713,0.07862703009174148
2022-08-10,294.3566589355469,297.510009765625,283.3699951171875,297.0666809082031,94918800,0.03890581776676605,0.10846545472801399,0.07711828948057492
2022-08-11,286.6300048828125,298.2366638183594,285.8333435058594,296.5133361816406,70155000,-0.026249292544206493,0.03638937332972768,0.07651182080984531
2022-08-12,300.0299987792969,300.1600036621094,285.0333251953125,289.4166564941406,79657200,0.046750143628413676,0.08264955216689492,0.069913738175502
2022-08-15,309.32000732421875,313.1333312988281,301.2300109863281,301.78668212890625,89359200,0.03096359891583922,0.13465308068274218,0.06475753768958964
2022-08-16,306.5633239746094,314.6666564941406,302.8833312988281,311.6666564941406,88136400,-0.008912075793144236,0.10658797977480222,0.06327605123043382
2022-08-17,303.9966735839844,309.65667724609375,300.0333251953125,303.39666748046875,68766000,-0.008372333511224461,0.051006474909353075,0.06648959247634435
2022-08-18,302.8699951171875,306.5,301.85333251953125,306.0,47500500,-0.0037062197211366055,-0.020117169446150468,0.06747161280540302
2022-08-19,296.6666564941406,300.3599853515625,292.5,299.0,61395300,-0.020481852686155544,0.0018707795559783664,0.07108297589747359
2022-08-22,289.913330078125,292.3999938964844,286.2966613769531,291.913330078125,55843200,-0.022764022407583906,-0.03126453335002493,0.0783179185363923
2022-08-23,296.4533386230469,298.82666015625,287.92333984375,291.4533386230469,63984900,0.0225584954757323,-0.01156671715365352,0.08257357857959842
2022-08-24,297.0966796875,303.64666748046875,296.5,297.5633239746094,57259800,0.002170125887066332,-0.025759896292385648,0.08766914807201495
2022-08-25,296.07000732421875,302.9599914550781,291.6000061035156,302.3599853515625,53230000,-0.003455684406709514,0.010712237775035901,0.0898272111743935
2022-08-26,288.0899963378906,302.0,287.4700012207031,297.42999267578125,57163900,-0.026953121859416895,-0.000841721773560883,0.08802628939215454
2022-08-29,284.82000732421875,287.739990234375,280.70001220703125,282.8299865722656,41864700,-0.01135058160727187,-0.0255807386776404,0.08124238001245367
2022-08-30,277.70001220703125,288.4800109863281,272.6499938964844,287.8699951171875,50541800,-0.0249982267189629,-0.04513988561543018,0.07835967830173797
2022-08-31,275.6099853515625,281.25,271.80999755859375,280.6199951171875,52107300,-0.007526203685978228,-0.025184379398250155,0.07522437521229966
2022-09-01,277.1600036621094,277.5799865722656,266.1499938964844,272.5799865722656,54287000,0.005623955563764049,-0.06345854177647335,0.07428241133073181
2022-09-02,270.2099914550781,282.3500061035156,269.0799865722656,281.07000732421875,50890100,-0.02507581222110289,-0.12585445167800646,0.07390362505366693
2022-09-06,274.4200134277344,275.989990234375,265.739990234375,272.67999267578125,55860000,0.015580556255471167,-0.07772740080457398,0.07002843030786303
2022-09-07,283.70001220703125,283.8399963378906,272.2699890136719,273.1000061035156,50028900,0.03381677109982606,-0.04355170985514902,0.06703397372961163
2022-09-08,289.260009765625,289.5,279.760009765625,281.29998779296875,53713100,0.01959815762903916,-0.002026931526812166,0.06215743876199865
2022-09-09,299.67999267578125,299.8500061035156,291.25,291.6700134277344,54338100,0.03602289482946186,0.049852450967588266,0.06268522723505582
2022-09-12,304.4200134277344,305.489990234375,300.3999938964844,300.7200012207031,48674600,0.01581694096302666,0.06825385469004945,0.06172483646725095
2022-09-13,292.1300048828125,297.3999938964844,290.3999938964844,292.8999938964844,68229600,-0.04037188096320543,0.08832026476044316,0.056940736479651054
2022-09-14,302.6099853515625,306.0,291.6400146484375,292.239990234375,72628700,0.03587437200418364,0.13080298965157486,0.059655126435081446
2022-09-15,303.75,309.1199951171875,300.7200012207031,301.8299865722656,64795500,0.003767273730617582,0.10858901772115331,0.06374294350177957
2022-09-16,303.3500061035156,303.7099914550781,295.6000061035156,299.6099853515625,87087800,-0.0013168523341049454,0.19864002047420076,0.07770672936124792
2022-09-19,309.07000732421875,309.8399963378906,297.79998779296875,300.0899963378906,60231200,0.018856110452001085,0.12660471846793886,0.08199547902166024
2022-09-20,308.7300109863281,313.3299865722656,305.5799865722656,306.9100036621094,61642800,-0.0011000625419275156,0.1540360720766218,0.08679830214227885
2022-09-21,300.79998779296875,313.79998779296875,300.6300048828125,308.2900085449219,62555700,-0.025685948599634356,0.1369563256808617,0.08985388822809398
2022-09-22,288.5899963378906,301.2900085449219,285.82000732421875,299.8599853515625,70545400,-0.040591728559117746,0.1239995964659277,0.0910298785776958
2022-09-23,275.3299865722656,284.5,272.82000732421875,283.0899963378906,63748400,-0.04594757245188685,0.083744653274908,0.09128425236298353
2022-09-26,276.010009765625,284.0899963378906,270.30999755859375,271.8299865722656,58076900,0.0024698479153155706,0.05747202358767859,0.09073914785413847
2022-09-27,282.94000244140625,288.6700134277344,277.510009765625,283.8399963378906,61925200,0.02510775852537339,0.06180791882605928,0.08920510278585278
2022-09-28,287.80999755859375,289.0,277.57000732421875,283.0799865722656,54664800,0.017212112374233923,0.03562790091938662,0.08644215605319347
2022-09-29,268.2099914550781,283.6499938964844,265.7799987792969,282.760009765625,77620600,-0.06810050474193607,0.04571791888239629,0.0844395756931113
2022-09-30,265.25,275.57000732421875,262.4700012207031,266.1499938964844,67726600,-0.011036096899372572,-0.005516560915884788,0.0809801203259715
2022-10-03,242.39999389648438,255.16000366210938,241.00999450683594,254.5,98363500,-0.08614516909902215,0.068111235136019,0.06803061548588861
2022-10-04,249.44000244140625,257.5,242.00999450683594,250.52000427246094,109578500,0.029042940273044104,0.07967938044853248,0.058405874953468204
2022-10-05,240.80999755859375,246.6699981689453,233.27000427246094,245.00999450683594,86982700,-0.034597517632881325,-0.004799680948344598,0.05467221246495989
2022-10-06,238.1300048828125,244.5800018310547,235.35000610351562,239.44000244140625,69298400,-0.011129075632041241,-0.059755620422326634,0.06046419401545479
2022-10-07,223.07000732421875,234.57000732421875,222.02000427246094,233.94000244140625,83916800,-0.06324275500689214,-0.04782789463786413,0.06645534841484556
2022-10-10,222.9600067138672,226.99000549316406,218.36000061035156,223.92999267578125,67925000,-0.0004931214719139376,-0.09486428883208056,0.07628889799368155
2022-10-11,216.5,225.75,215.0,220.9499969482422,77013200,-0.02897383620084637,-0.07018334448265398,0.08170997643743708
2022-10-12,217.24000549316406,219.3000030517578,211.50999450683594,215.3300018310547,66860700,0.003418039229395209,-0.08766546998828584,0.08574899707740322
2022-10-13,221.72000122070312,222.99000549316406,206.22000122070312,208.3000030517578,91483000,0.020622332969329804,-0.0009984025753328046,0.08500477520900322
2022-10-14,204.99000549316406,226.25999450683594,204.16000366210938,224.00999450683594,94124500,-0.07545550981161053,-0.011001362357983269,0.07696339529103471
2022-10-17,219.35000610351562,221.86000061035156,209.4499969482422,210.0399932861328,79428800,0.07005219876844393,-0.035926549882130746,0.07472511670285893
2022-10-18,220.19000244140625,229.82000732421875,217.25,229.5,75891900,0.003829479437051919,-0.05714806800898091,0.06975653756328458
2022-10-19,222.0399932861328,222.92999267578125,217.77999877929688,219.8000030517578,66571500,0.008401793106927569,-0.06001713593900963,0.0647429730484326
2022-10-20,207.27999877929688,215.5500030517578,202.0,208.27999877929688,117798100,-0.0664744863679374,0.05360137124818806,0.059398218364822515
2022-10-21,214.44000244140625,214.66000366210938,203.8000030517578,206.4199981689453,75713800,0.03454266549727758,-0.01136539995775955,0.055830348943645816
2022-10-24,211.25,213.5,198.58999633789062,205.82000732421875,100446800,-0.014875967194030837,0.021335228266591524,0.05418594832406906
2022-10-25,222.4199981689453,224.35000610351562,210.0,210.10000610351562,96507900,0.05287573097725584,0.04792421851764162,0.05331215908468244
2022-10-26,224.63999938964844,230.60000610351562,218.1999969482422,219.39999389648438,85012500,0.009981122376490958,0.026281856106958944,0.0529330487609411
2022-10-27,225.08999633789062,233.80999755859375,222.85000610351562,229.77000427246094,61638800,0.00200319154854367,0.004900752031851135,0.05142826065715694
2022-10-28,228.52000427246094,228.86000061035156,216.35000610351562,225.39999389648438,69152400,0.015238384603380561,0.030519106434167064,0.0523008665431407
2022-10-31,227.5399932861328,229.85000610351562,221.94000244140625,226.19000244140625,61554300,-0.004288512900427199,0.031136853069438385,0.04997933039708884
2022-11-01,227.82000732421875,237.39999389648438,227.27999877929688,234.0500030517578,62688800,0.0012306146011606955,0.037669395793403934,0.0466839852780644
2022-11-02,214.97999572753906,227.8699951171875,214.82000732421875,226.0399932861328,63070300,-0.05636033352596026,-9.460695178626147e-05,0.04674677201604471
2022-11-03,215.30999755859375,221.1999969482422,210.13999938964844,211.36000061035156,56538800,0.0015350350619269815,0.0272895637046843,0.046329851367367135
2022-11-04,207.47000122070312,223.8000030517578,203.0800018310547,222.60000610351562,98622200,-0.03641259777431871,0.07057226028141811,0.04872070656955739
2022-11-07,197.0800018310547,208.89999389648438,196.66000366210938,208.64999389648438,93916500,-0.05007952633400592,0.029390410915082883,0.04422588464382785
2022-11-08,191.3000030517578,195.1999969482422,186.75,194.02000427246094,128803400,-0.02932818513088775,0.09080139982983051,0.0449806708059204
2022-11-09,177.58999633789062,195.88999938964844,177.1199951171875,190.77999877929688,127062700,-0.07166757185130745,0.07649732310158172,0.040948971326107295
2022-11-10,190.72000122070312,191.0,180.02999877929688,189.89999389648438,132703000,0.07393437216942544,0.10039697533252886,0.04451998337792786
2022-11-11,195.97000122070312,196.52000427246094,182.58999633789062,186.0,114403600,0.027527264924482875,0.07677722441872309,0.04524620116992988
2022-11-14,190.9499969482422,195.72999572753906,186.33999633789062,192.77000427246094,92226600,-0.02561618738169713,-0.016210316767556562,0.04397642822606909
2022-11-15,194.4199981689453,200.82000732421875,192.05999755859375,195.8800048828125,91293800,0.018172303095892017,-0.015986004325683242,0.04056253785358387
2022-11-16,186.9199981689453,192.57000732421875,185.66000366210938,191.50999450683594,66567600,-0.03857627852399581,-0.0831856816384884,0.04352360090608462
2022-11-17,183.1699981689453,186.16000366210938,180.89999389648438,183.9600067138672,64336000,-0.020062058831236462,-0.09866420817583144,0.05170939504859883
2022-11-18,180.19000244140625,185.19000244140625,176.5500030517578,185.0500030517578,76048900,-0.016269016527425406,-0.07361340456140392,0.05557146443867878
2022-11-21,167.8699951171875,176.77000427246094,167.5399932861328,175.85000610351562,92882700,-0.06837231343190053,-0.04708942870498731,0.057504877435601016
2022-11-22,169.91000366210938,170.9199981689453,166.19000244140625,168.6300048828125,78452300,0.012152311933396831,-0.05913769700595545,0.05930857761468456
2022-11-23,183.1999969482422,183.6199951171875,172.5,173.57000732421875,109536700,0.07821783885404354,0.044214079128651815,0.05969539745676334
2022-11-25,182.86000061035156,185.1999969482422,180.6300048828125,185.05999755859375,50672700,-0.0018558752377418886,-0.07965201667629178,0.06307167403141374
2022-11-28,182.9199981689453,188.5,179.0,179.9600067138672,92905200,0.0003281065208000644,0.03294283085124567,0.06312138608976302
2022-11-29,180.8300018310547,186.3800048828125,178.75,184.99000549316406,83357100,-0.011425739989130657,0.016145664061155262,0.06291087087811269
2022-11-30,194.6999969482422,194.75999450683594,180.6300048828125,182.42999267578125,109186400,0.07670184691003823,0.1315690391336496,0.06860890045783277
2022-12-01,194.6999969482422,198.9199981689453,191.8000030517578,197.0800018310547,80046200,0.0,0.037303675334888355,0.06879573963484614
2022-12-02,194.86000061035156,196.25,191.11000061035156,191.77999877929688,73645900,0.0008217959148295595,0.007535043454129045,0.06872182623087596
2022-12-05,182.4499969482422,191.27000427246094,180.5500030517578,189.44000244140625,93122700,-0.06368676805520912,0.0300827060459565,0.06749185580072885
2022-12-06,179.82000732421875,183.64999389648438,175.3300018310547,181.22000122070312,92150800,-0.01441485156488942,0.011650659311457263,0.06734009196620937
2022-12-07,174.0399932861328,179.3800048828125,172.22000122070312,175.02999877929688,84213300,-0.032143331123685615,0.0027984360122411678,0.06453875291381038
2022-12-08,173.44000244140625,175.1999969482422,169.05999755859375,172.1999969482422,97624500,-0.003447430865732959,0.0445495961384306,0.06304679193208033
2022-12-09,179.0500030517578,182.5,173.36000061035156,173.83999633789062,104872300,0.0323454827685834,0.09073208386106614,0.06229449775006324
2022-12-12,167.82000732421875,177.3699951171875,167.52000427246094,176.10000610351562,109794500,-0.0627198857086465,0.1052475252217513,0.06436860963692341
2022-12-13,160.9499969482422,175.0500030517578,156.91000366210938,174.8699951171875,175862700,-0.04093677795344208,0.2144641991821423,0.07944570915104236
2022-12-14,156.8000030517578,161.6199951171875,155.30999755859375,159.25,140682300,-0.025784367661833008,0.07306961385453077,0.08007567354996323
2022-12-15,157.6699981689453,160.92999267578125,153.27999877929688,153.44000244140625,122334500,0.005548438139381551,0.03084252729044616,0.07630938847241138
2022-12-16,150.22999572753906,160.99000549316406,150.0399932861328,159.63999938964844,139032200,-0.047187179094365206,0.04168238158797059,0.07049805794926294
2022-12-19,149.8699951171875,155.25,145.82000732421875,154.0,139390600,-0.00239632976495896,0.0365707607498197,0.06590272948653106
2022-12-20,137.8000030517578,148.47000122070312,137.66000366210938,146.0500030517578,159563300,-0.08053641461716088,-0.010510251570506945,0.06388565414082259
2022-12-21,137.57000732421875,141.25999450683594,135.88999938964844,139.33999633789062,145417400,-0.0016690545895901021,-0.04531532290790881,0.06282143611155946
2022-12-22,125.3499984741211,136.6300048828125,122.26000213623047,136.0,210090300,-0.08882756559936855,0.04972010493851381,0.06284926104191767
2022-12-23,123.1500015258789,128.6199951171875,121.0199966430664,126.37000274658203,166989700,-0.017550833466474902,-0.03454492816850435,0.05897926052610133
2022-12-27,109.0999984741211,119.66999816894531,108.76000213623047,117.5,208643400,-0.1140885333144338,0.012124838837068025,0.059354677514608295
2022-12-28,112.70999908447266,116.2699966430664,108.23999786376953,110.3499984741211,221070500,0.03308891531476843,0.03176791520456457,0.059094789999493434
2022-12-29,121.81999969482422,123.56999969482422,117.5,120.38999938964844,221923300,0.0808269069678893,0.055266853635357396,0.05542981281425607
2022-12-30,123.18000030517578,124.4800033569336,119.75,119.94999694824219,157777300,0.011164017515666869,-0.058659422646684986,0.059603606633014075
2023-01-03,108.0999984741211,118.80000305175781,104.63999938964844,118.47000122070312,231402800,-0.12242248574195735,0.022857700070012116,0.05933726994270365
2023-01-04,113.63999938964844,114.58999633789062,107.5199966430664,109.11000061035156,180389000,0.05124885285593783,-0.025910277970607798,0.06089294641292456
2023-01-05,110.33999633789062,111.75,107.16000366210938,110.51000213623047,157986300,-0.029039097760312105,-0.058040492402381905,0.06405589445328808
2023-01-06,113.05999755859375,114.38999938964844,101.80999755859375,103.0,220911100,0.024651090365942707,0.015799193669433387,0.06384230371191708
2023-01-09,119.7699966430664,123.5199966430664,117.11000061035156,118.95999908447266,190284000,0.059349011404278285,0.0028612690873901503,0.06400836244969993
2023-01-10,118.8499984741211,122.76000213623047,114.91999816894531,121.06999969482422,167642500,-0.007681374256751861,-0.027795635711221955,0.06332934801524011
2023-01-11,123.22000122070312,125.94999694824219,120.51000213623047,122.08999633789062,183810800,0.036769060182475055,0.0201327893719995,0.06019279128775591
2023-01-12,123.55999755859375,124.12999725341797,117.0,122.55999755859375,169400900,0.0027592625752506095,0.00573099142499503,0.03834052739188047
2023-01-13,122.4000015258789,122.62999725341797,115.5999984741211,116.55000305175781,180714100,-0.009388119582672827,0.04226820653430942,0.03609483451799217
2023-01-17,131.49000549316406,131.6999969482422,125.0199966430664,125.69999694824219,186477000,0.07426473736900463,0.0740486589324383,0.038886375874004085
2023-01-18,128.77999877929688,136.67999267578125,127.01000213623047,136.55999755859375,195680300,-0.020609982513142944,0.1191194005378376,0.04572288188769712
2023-01-19,127.16999816894531,129.99000549316406,124.30999755859375,127.26000213623047,170291900,-0.012501946153228194,0.07566291145010709,0.04765157860085952
2023-01-20,133.4199981689453,133.50999450683594,127.3499984741211,128.67999267578125,138858100,0.0491468120625187,0.03595575995983097,0.04756074832249434
2023-01-23,143.75,145.3800048828125,134.27000427246094,135.8699951171875,203119200,0.07742468874848996,0.12191617293012869,0.05086361347566984
2023-01-24,143.88999938964844,146.5,141.10000610351562,143.0,158699100,0.0009739087975544347,0.1493111602999985,0.057900855351520626
2023-01-25,144.42999267578125,146.41000366210938,138.07000732421875,141.91000366210938,192734300,0.003752820129427681,0.1776487832811885,0.06468854928131973
2023-01-26,160.27000427246094,161.4199981689453,154.75999450683594,159.97000122070312,234815100,0.10967259156647335,0.25857987007827754,0.08067681102670768
2023-01-27,177.89999389648438,180.67999267578125,161.1699981689453,162.42999267578125,306590600,0.11000180416824756,0.33433499251390164,0.10219622587317397
2023-01-30,166.66000366210938,179.77000427246094,166.5,178.0500030517578,230878800,-0.06318150994943417,0.2017153909946345,0.10646461424785485
2023-01-31,173.22000122070312,174.3000030517578,162.77999877929688,164.57000732421875,196813500,0.03936155894904236,0.17400640781390467,0.10384205803990244
2023-02-01,181.41000366210938,183.80999755859375,169.92999267578125,173.88999938964844,213806300,0.047280928205116535,0.19876393388812677,0.10564546384446731
2023-02-02,188.27000427246094,196.75,182.61000061035156,187.3300018310547,217448300,0.03781489703913388,0.20532738023537636,0.10438480749717342
2023-02-03,189.97999572753906,199.0,183.69000244140625,183.9499969482422,232662000,0.009082654784473565,0.22199857384880328,0.09985439820710196
2023-02-06,194.75999450683594,198.1699981689453,189.9199981689453,193.00999450683594,186188100,0.025160537355481072,0.17418581851826911,0.0973745095309423
2023-02-07,196.80999755859375,197.5,189.5500030517578,196.42999267578125,186010300,0.010525791279409002,0.18544447912179168,0.0934772810863578
2023-02-08,201.2899932861328,203.0,194.30999755859375,196.10000610351562,180673600,0.022763049555982517,0.187951419422143,0.08551788556422805
2023-02-09,207.32000732421875,214.0,204.77000427246094,207.77999877929688,215431400,0.029956849516678652,0.22119983087946166,0.08138833498566389
2023-02-10,196.88999938964844,206.1999969482422,192.88999938964844,202.22999572753906,204754100,-0.05030873801899527,0.16459445079652069,0.07304316732367871
2023-02-13,194.63999938964844,196.3000030517578,187.61000061035156,194.4199981689453,172475500,-0.011427700782035255,0.12569717176223744,0.0677859911292772
2023-02-14,209.25,209.82000732421875,189.44000244140625,191.94000244140625,216455700,0.0750616556523096,0.17992650493681298,0.0638898019015198
2023-02-15,214.24000549316406,214.66000366210938,206.11000061035156,211.75999450683594,181006400,0.02384709913101113,0.13691844650409624,0.06318069629784905
2023-02-16,202.0399932861328,217.64999389648438,201.83999633789062,210.77999877929688,229586500,-0.05694553722096751,0.12489765850237503,0.05991752112396236
2023-02-17,208.30999755859375,208.44000244140625,197.5,199.99000549316406,213738500,0.031033480898909227,0.14682058141114013,0.05034995360062459
2023-02-21,197.3699951171875,209.7100067138672,197.22000122070312,204.99000549316406,180018600,-0.05251789433835996,0.07442617969403867,0.05441549140841699
2023-02-22,200.86000061035156,201.99000549316406,191.77999877929688,197.92999267578125,191828500,0.017682553475729224,0.07666966646444286,0.05895992463051824
2023-02-23,202.07000732421875,205.13999938964844,196.3300018310547,203.91000366210938,146360000,0.006024129792842503,0.024376177464001877,0.06830464291039451
2023-02-24,196.8800048828125,197.6699981689453,192.8000030517578,196.3300018310547,142228100,-0.025684180003413215,0.007995727817620908,0.07410918190467397
2023-02-27,207.6300048828125,209.4199981689453,201.25999450683594,202.02999877929688,161028300,0.0546017865369246,0.04564155697239891,0.06566412413896235
2023-02-28,205.7100067138672,211.22999572753906,203.75,210.58999633789062,153144900,-0.009247209573726933,0.03344371076319454,0.06858546339698711
2023-03-01,202.77000427246094,207.1999969482422,198.52000427246094,206.2100067138672,156852800,-0.014291975817664837,0.023513225195671655,0.07229527669916269
2023-03-02,190.89999389648438,193.75,186.00999450683594,186.74000549316406,181500700,-0.05853928157947319,0.014389167420077793,0.07451665019113979
2023-03-03,197.7899932861328,200.47999572753906,192.8800048828125,194.8000030517578,154193300,0.03609219282314147,0.023139837238012353,0.0745144097159924
2023-03-06,193.80999755859375,198.60000610351562,192.3000030517578,198.5399932861328,128100100,-0.020122331071529054,-0.004805071251212521,0.07377295722706889
2023-03-07,187.7100067138672,194.1999969482422,186.10000610351562,191.3800048828125,148125800,-0.03147407730028162,-0.027582632942794637,0.07659441912842994
2023-03-08,182.0,186.5,180.0,185.0399932861328,151897800,-0.03041929843714275,-0.04531943088307752,0.07853625803156694
2023-03-09,172.9199981689453,185.17999267578125,172.50999450683594,180.25,170023800,-0.04989011995084991,-0.019698088637106002,0.07675954682981294
2023-03-10,173.44000244140625,178.2899932861328,168.44000244140625,175.1300048828125,191488900,0.0030071956856769777,-0.012470475382211368,0.06937123222913541
2023-03-13,174.47999572753906,177.35000610351562,163.91000366210938,167.4600067138672,167790300,0.005996271168666301,-0.015539112522821169,0.0659519946816044
2023-03-14,183.25999450683594,183.8000030517578,177.13999938964844,177.30999755859375,143717900,0.050320947926932424,-0.024294400083568174,0.06488656285397286
2023-03-15,180.4499969482422,182.33999633789062,176.02999877929688,180.8000030517578,145995600,-0.015333393227232373,-0.026094087121548048,0.05707253412526296
2023-03-16,184.1300048828125,185.80999755859375,178.83999633789062,180.3699951171875,121136800,0.020393505108375454,-0.030967632261868272,0.052331392184964964
2023-03-17,180.1300048828125,186.22000122070312,177.3300018310547,184.52000427246094,133197100,-0.02172378153438792,-0.056607766069216664,0.048689661102707504
2023-03-20,183.25,186.44000244140625,176.35000610351562,178.0800018310547,129684400,0.017320796272765726,-0.04075998192384628,0.03788650828488776
2023-03-21,197.5800018310547,198.0,188.0399932861328,188.27999877929688,153391400,0.07819919143822474,0.04164786831931502,0.03515208002236207
2023-03-22,191.14999389648438,200.66000366210938,190.9499969482422,199.3000030517578,150376400,-0.03254381959196684,0.05357539193619374,0.03277704416705763
2023-03-23,192.22000122070312,199.30999755859375,188.64999389648438,195.25999450683594,144193900,0.0055977366381618765,0.029130206857765014,0.0329935488330082
2023-03-24,190.41000366210938,192.36000061035156,187.14999389648438,191.64999389648438,116312400,-0.009416281069083654,-0.00042092880333406343,0.03291853240056637
2023-03-27,191.80999755859375,197.38999938964844,189.94000244140625,194.4199981689453,120851600,0.007352522816861606,0.03131835215214723,0.0319695496733855
2023-03-28,189.19000244140625,192.35000610351562,185.42999267578125,192.0,98654600,-0.013659325116185062,0.014660244066623447,0.031115747008017003
2023-03-29,193.8800048828125,195.2899932861328,189.44000244140625,193.1300048828125,123660000,0.024789906342217005,0.10164433110597809,0.03868964521077544
2023-03-30,195.27999877929688,197.3300018310547,194.4199981689453,195.5800018310547,110252200,0.007220929756684091,0.08963856334468863,0.04349746987449242
2023-03-31,207.4600067138672,207.7899932861328,197.1999969482422,197.52999877929688,170222100,0.06237201971890638,0.19338204828520228,0.060695682338964954
2023-04-03,194.77000427246094,202.69000244140625,192.1999969482422,199.91000366210938,169545900,-0.061168427796826186,0.12345999323483875,0.0653652890406148
2023-04-04,192.5800018310547,198.74000549316406,190.32000732421875,197.32000732421875,126463800,-0.011244043709844997,0.06677828455049645,0.0652362776626854
2023-04-05,185.52000427246094,190.67999267578125,183.75999450683594,190.52000427246094,133882500,-0.036660076287605925,0.048166642286688474,0.06335629204201487
2023-04-06,185.05999755859375,186.38999938964844,179.74000549316406,183.0800018310547,123857900,-0.002479553165553039,0.047597601260079496,0.06245201227572909
2023-04-10,184.50999450683594,185.10000610351562,176.11000061035156,179.94000244140625,142154600,-0.0029720256079851515,0.0675320275158199,0.062035195900680885
2023-04-11,186.7899932861328,189.19000244140625,185.64999389648438,186.69000244140625,115770900,0.012357047570192181,-0.009532829207612628,0.061788175925737474
2023-04-12,180.5399932861328,191.5800018310547,180.30999755859375,190.74000549316406,150256300,-0.03346003653646468,0.042297765374387286,0.060140751162795304
2023-04-13,185.89999389648438,186.5,180.94000244140625,182.9600067138672,112933000,0.029688716127604264,0.0052732887964513225,0.05873765250165525
2023-04-14,185.0,186.27999877929688,182.00999450683594,183.9499969482422,96438700,-0.004841279860318459,-0.015485799749016777,0.05783589801169355
2023-04-17,187.0399932861328,189.69000244140625,182.69000244140625,186.32000732421875,116662200,0.011026990735853115,0.018904290488043013,0.053375667704622945
2023-04-18,184.30999755859375,187.69000244140625,183.5800018310547,187.14999389648438,92067000,-0.014595786064655836,-0.01712005390858913,0.0515984699427318
2023-04-19,180.58999633789062,183.5,177.64999389648438,179.10000610351562,125732700,-0.020183393575926356,0.010679220013800693,0.05221657886862091
2023-04-20,162.99000549316406,169.6999969482422,160.55999755859375,166.1699981689453,210970800,-0.09745828230593856,0.09463038787323798,0.053362781693283054
2023-04-21,165.0800018310547,166.0,161.32000732421875,164.8000030517578,123539000,0.012822849668400638,-0.08198668574528424,0.06062533051593768
2023-04-24,162.5500030517578,165.64999389648438,158.61000061035156,164.64999389648438,140006600,-0.015325895028073244,-0.04543372445748875,0.06305317765976105
2023-04-25,160.6699981689453,163.47000122070312,158.75,159.82000732421875,121999300,-0.011565701922588656,-0.07265575343652614,0.06785139115283242
2023-04-26,153.75,160.6699981689453,153.13999938964844,160.2899932861328,153364100,-0.04306963495243776,-0.02938848420237533,0.06921749730742602
2023-04-27,160.19000244140625,160.47999572753906,152.3699951171875,152.63999938964844,127015200,0.041886194740853755,-0.03585811759151926,0.06875469811610173
2023-04-28,164.30999755859375,165.0,157.32000732421875,160.89999389648438,122515800,0.025719427270091355,-0.02479452512197168,0.06785185908850883
2023-05-01,161.8300018310547,163.27999877929688,158.8300018310547,163.1699981689453,109015000,-0.015093395194377579,-0.05441008698385545,0.05598083890035487
2023-05-02,160.30999755859375,165.49000549316406,158.92999267578125,161.8800048828125,128259700,-0.00939259874721976,-0.011502747506210498,0.048878869182104295
2023-05-03,160.61000061035156,165.0,159.91000366210938,160.00999450683594,119728000,0.0018713932775662467,-0.048756947626698605,0.04739911999492294
2023-05-04,161.1999969482422,162.9499969482422,159.64999389648438,162.7100067138672,95108500,0.003673471985857102,-0.07976269393038009,0.04838431751000235
2023-05-05,170.05999755859375,170.7899932861328,163.50999450683594,163.97000122070312,107607300,0.05496278398315546,-0.028152862783575355,0.04639853029464775
2023-05-08,171.7899932861328,173.8000030517578,169.19000244140625,173.72000122070312,112249400,0.010172855182730478,-0.004876133945775317,0.04219007729879513
2023-05-09,169.14999389648438,169.82000732421875,166.55999755859375,168.9499969482422,88965000,-0.015367597024416146,-0.03794395187344154,0.0423185906125913
2023-05-10,168.5399932861328,174.42999267578125,166.67999267578125,172.5500030517578,119840700,-0.0036062703657255835,0.07935526453885186,0.04588816988976863
2023-05-11,172.0800018310547,173.57000732421875,166.7899932861328,168.6999969482422,103889900,0.021003967520705658,0.05951249391038611,0.048899903734409486
2023-05-12,167.97999572753906,177.3800048828125,167.22999572753906,176.07000732421875,157849600,-0.023826162598143963,0.13435023112766936,0.05937872108541866
2023-05-15,166.35000610351562,169.75999450683594,164.5500030517578,167.66000366210938,105592500,-0.009703474612936969,0.051993912009648556,0.06063776508955208
2023-05-16,166.52000427246094,169.52000427246094,164.35000610351562,165.64999389648438,98288800,0.001021930644472091,0.0807219924212234,0.06365890459323151
2023-05-17,173.86000061035156,174.5,167.19000244140625,168.41000366210938,125473600,0.04407876621166107,0.12731841066330218,0.06993562175708881
2023-05-18,176.88999938964844,177.05999755859375,172.4499969482422,174.22000122070312,109520300,0.01742780840135616,0.10798482322237976,0.07090731335107807
2023-05-19,180.13999938964844,181.9499969482422,176.30999755859375,177.1699981689453,136196700,0.018373000232992265,0.17962493600545568,0.07793653793457639
2023-05-22,188.8699951171875,189.32000732421875,180.11000061035156,180.6999969482422,132001400,0.04846228354123516,0.20254845772289368,0.08665776742250174
2023-05-23,185.77000427246094,192.9600067138672,185.25999450683594,186.1999969482422,156952100,-0.01641335799687571,0.21992256100330926,0.09292649834713079
2023-05-24,182.89999389648438,184.22000122070312,178.22000122070312,182.22999572753906,137605100,-0.015449266889003499,0.17203867084266017,0.09539167963629507
2023-05-25,184.47000122070312,186.77999877929688,180.5800018310547,186.5399932861328,96870700,0.008583965973816943,0.08734888269963276,0.09320486649660967
2023-05-26,193.1699981689453,198.60000610351562,184.52999877929688,184.6199951171875,162061500,0.047162123329924865,0.21109558225918337,0.09668668916663381
2023-05-30,201.16000366210938,204.47999572753906,197.52999877929688,200.10000610351562,128818700,0.041362559242642094,0.18355207175193716,0.09488245123228616
2023-05-31,203.92999267578125,203.9499969482422,195.1199951171875,199.77999877929688,150711700,0.013770078361723614,0.22490050470353512,0.09701820376576993
2023-06-01,207.52000427246094,209.8000030517578,199.3699951171875,202.58999633789062,148029900,0.017604137329555458,0.21784217406673964,0.09434016806872213
2023-06-02,213.97000122070312,217.25,209.75,210.14999389648438,164398400,0.031081326211682914,0.266860457209705,0.0894596343198644
2023-06-05,217.61000061035156,221.2899932861328,214.52000427246094,217.8000030517578,151143100,0.017011727666879306,0.2544811385796658,0.08594843155163319
2023-06-06,221.30999755859375,221.91000366210938,212.52999877929688,216.13999938964844,146911600,0.017002881015874438,0.24692754796187158,0.08180866759283852
2023-06-07,224.57000732421875,230.8300018310547,223.1999969482422,228.0,185710800,0.014730512862447087,0.294024850218512,0.07424437144577248
2023-06-08,234.86000061035156,235.22999572753906,223.00999450683594,224.22000122070312,164489700,0.045820870777622646,0.26264415163659227,0.07376169195365766
2023-06-09,244.39999389648438,252.4199981689453,242.02000427246094,249.07000732421875,200242400,0.0406199151040636,0.30727428647484406,0.0733921041627107
2023-06-12,249.8300018310547,250.97000122070312,244.58999633789062,247.94000244140625,150337900,0.02221770896144215,0.23725958901120603,0.07276652766737887
2023-06-13,258.7099914550781,259.67999267578125,251.33999633789062,253.50999450683594,162384300,0.035544128242966044,0.26818102586679426,0.06584914854251907
2023-06-14,256.7900085449219,261.57000732421875,250.5,260.1700134277344,170575500,-0.007421371317580694,0.27829447151372133,0.06040352199687121
2023-06-15,255.89999389648438,258.95001220703125,247.2899932861328,248.39999389648438,160171200,-0.0034659239799892383,0.2571276266843959,0.05708563036937514
2023-06-16,260.5400085449219,263.6000061035156,257.2099914550781,258.9200134277344,167915600,0.01813214052015355,0.26235892599179533,0.05064736408677361
2023-06-20,274.45001220703125,274.75,261.1199951171875,261.5,165611200,0.05338912722001776,0.2580632146825875,0.049423581469284245
2023-06-21,259.4599914550781,276.989990234375,257.7799987792969,275.1300048828125,211797100,-0.054618400747766804,0.24536852538768378,0.04883875954122061
2023-06-22,264.6099853515625,265.0,248.25,250.77000427246094,166875900,0.019848894111198723,0.18992052015522232,0.04986603029300281
2023-06-23,256.6000061035156,262.45001220703125,252.8000030517578,259.2900085449219,177460800,-0.030270888067223778,0.16734895401640534,0.05019395163913246
2023-06-26,241.0500030517578,258.3699951171875,240.6999969482422,250.07000732421875,179990600,-0.060600166336257755,0.11702552853433153,0.04581447865668977
2023-06-27,250.2100067138672,250.38999938964844,240.85000610351562,243.24000549316406,164968200,0.03800042956291749,0.10648408741314795,0.05419600203609235
2023-06-28,256.239990234375,259.8800048828125,248.88999938964844,249.6999969482422,159770800,0.0240996896954786,0.10220241462368237,0.06070834853006456
2023-06-29,257.5,260.739990234375,253.61000061035156,258.0299987792969,131283400,0.004917303362650394,0.056687736134087,0.0718277492632111
2023-06-30,261.7699890136719,264.45001220703125,259.8900146484375,260.6000061035156,112620800,0.016582481606492783,0.02745943363244483,0.0837324210775537
2023-07-03,279.82000732421875,284.25,275.1099853515625,276.489990234375,119685900,0.06895373445427366,0.055849437756985774,0.08933695540932714
2023-07-05,282.4800109863281,283.8500061035156,277.6000061035156,278.82000732421875,131530900,0.009506123909958086,0.06283540945155709,0.09334546104962196
2023-07-06,276.5400085449219,279.9700012207031,272.8800048828125,278.0899963378906,120332100,-0.021028045208104085,0.04104086687808333,0.09799340949542705
2023-07-07,274.42999267578125,280.7799987792969,273.7699890136719,278.42999267578125,113879200,-0.007630056425625198,0.03359172656073914,0.0993207245856914
2023-07-10,269.6099853515625,277.5199890136719,265.1000061035156,276.4700012207031,119425400,-0.01756370459810941,0.026092217698334242,0.1013764058050517
2023-07-11,269.7900085449219,270.8999938964844,266.3699951171875,268.6499938964844,91972400,0.000667717084456676,-0.030582229917358948,0.10281000257071257
2023-07-12,271.989990234375,276.5199890136719,271.4599914550781,276.3299865722656,95672100,0.008154422401772665,0.015697281896294622,0.10350104201822147
2023-07-13,277.8999938964844,279.45001220703125,270.6000061035156,274.5899963378906,112681500,0.02172875427149612,0.043301684824281574,0.09950011559815557
2023-07-14,281.3800048828125,285.29998779296875,276.30999755859375,277.010009765625,120062400,0.012522529912772917,0.08644967746325573,0.09197401629450784
2023-07-17,290.3800048828125,292.2300109863281,283.57000732421875,286.6300048828125,131569600,0.03198521516746822,0.17521649350021623,0.08656499719291415
2023-07-18,293.3399963378906,295.260009765625,286.010009765625,290.1499938964844,112120300,0.010193509901870401,0.14450690775991984,0.07874084675300506
2023-07-19,291.260009765625,299.2900085449219,289.5199890136719,296.0400085449219,142355400,-0.007090702250741598,0.1736280001019495,0.07154165333997436
2023-07-20,262.8999938964844,280.92999267578125,261.20001220703125,279.55999755859375,175158300,-0.09737009860008494,0.12771653236585348,0.06253802566784779
2023-07-21,260.0199890136719,268.0,255.8000030517578,268.0,161796100,-0.010954754468143868,0.09268268134493533,0.05763111189380228
2023-07-24,269.05999755859375,269.8500061035156,254.1199951171875,255.85000610351562,136508500,0.03476659075024635,0.035505573033127284,0.05473334459541111
2023-07-25,265.2799987792969,272.8999938964844,265.0,272.3800048828125,112757300,-0.014048906614123058,-0.010401724367606831,0.056916492218322866
2023-07-26,264.3500061035156,268.0400085449219,261.75,263.25,95856200,-0.0035057022016762307,-0.022136314481818603,0.05957893319943208
2023-07-27,255.7100067138672,269.1300048828125,255.3000030517578,268.30999755859375,103697300,-0.032683938680391544,-0.01899956199876221,0.06139661472531743
2023-07-28,266.44000244140625,267.25,258.2300109863281,259.8599853515625,111446000,0.04196157931177735,0.032205694641639235,0.06162177655704224
2023-07-31,267.42999267578125,269.0799865722656,263.7799987792969,267.4800109863281,84582200,0.00371562162326855,-0.008646528972290748,0.06297231065055514
2023-08-01,261.07000732421875,266.4700012207031,260.25,266.260009765625,83166000,-0.023781870118334214,-0.02555190811313178,0.06534906588283894
2023-08-02,254.11000061035156,259.5199890136719,250.49000549316406,255.57000732421875,101752900,-0.02665954157355066,-0.01838972421191329,0.06692969269438016
2023-08-03,259.32000732421875,260.489990234375,252.0,252.0399932861328,97569100,0.020502958173047814,-0.019593865816253112,0.06845746697046982
2023-08-04,253.86000061035156,264.7699890136719,253.11000061035156,260.9700012207031,99539900,-0.02105509239416581,-0.04750018282247893,0.07130009190243213
2023-08-07,251.4499969482422,253.64999389648438,242.75999450683594,251.4499969482422,111097900,-0.009493435973824349,-0.03845736387848392,0.07327998243954678
2023-08-08,249.6999969482422,250.9199981689453,245.00999450683594,247.4499969482422,96642200,-0.006959634206558429,-0.06375825269705333,0.0751776862205513
2023-08-09,242.19000244140625,251.10000610351562,241.89999389648438,250.8699951171875,101596300,-0.03007606967809695,-0.023793269074529146,0.07615923574304866
2023-08-10,245.33999633789062,251.8000030517578,243.0,245.39999389648438,109498600,0.013006292021680244,0.007115846312607893,0.07627382726157976
2023-08-11,242.64999389648438,243.7899932861328,238.02000427246094,241.77000427246094,99038600,-0.01096438608281991,-0.04855541826690306,0.076883225844958
2023-08-14,239.75999450683594,240.66000366210938,233.75,235.6999969482422,98595300,-0.011910156448968756,-0.04471478052125234,0.06917867713072383
2023-08-15,232.9600067138672,240.5,232.61000061035156,238.72999572753906,88197600,-0.028361644764614224,-0.0716290285065916,0.06393157866751645
2023-08-16,225.60000610351562,233.97000122070312,225.3800048828125,228.02000427246094,112484500,-0.03159340830287438,-0.0229577829425604,0.04933131741607638
2023-08-17,219.22000122070312,226.74000549316406,218.8300018310547,226.05999755859375,120718400,-0.028280162722535862,-0.057521895587964306,0.038390421959067
2023-08-18,215.49000549316406,217.5800018310547,212.36000061035156,214.1199951171875,136276600,-0.017014851321818125,-0.03319717436931233,0.028098160405530034
2023-08-21,231.27999877929688,232.1300048828125,220.5800018310547,221.5500030517578,135702700,0.073274828918382,0.03926357894561672,0.028533609205850973
2023-08-22,233.19000244140625,240.82000732421875,229.5500030517578,240.25,130442800,0.008258403978685713,0.04613549113107015,0.03255826886276944
2023-08-23,236.86000061035156,238.97999572753906,229.2899932861328,229.33999633789062,101077600,0.01573823118710882,-0.015466305250491794,0.03259131130473629
2023-08-24,230.0399932861328,238.9199981689453,228.17999267578125,238.66000366210938,99777400,-0.02879341090367582,-0.020071325348124336,0.03258751724862208
2023-08-25,238.58999633789062,239.0,230.35000610351562,231.30999755859375,106612200,0.037167463490241914,0.02624213324130977,0.03209129967624742
2023-08-28,238.82000732421875,244.3800048828125,235.35000610351562,242.5800018310547,107673700,0.0009640428763089126,0.030534196815257937,0.03408661888496214
2023-08-29,257.17999267578125,257.4800109863281,237.77000427246094,238.5800018310547,134047600,0.07687791972402569,0.13450834126271122,0.04848601402348895
2023-08-30,256.8999938964844,260.510009765625,250.58999633789062,254.1999969482422,121988400,-0.0010887269121663268,0.10371551845384953,0.05491275732969105
2023-08-31,258.0799865722656,261.17999267578125,255.0500030517578,255.97999572753906,108861700,0.004593198535678855,0.0887401385406682,0.05871145406177795
2023-09-01,245.00999450683594,259.0799865722656,242.00999450683594,257.260009765625,132541600,-0.05064318329763218,0.10179251524704273,0.061837820236635026
2023-09-05,256.489990234375,258.0,244.86000061035156,245.0,129469600,0.046855214011356505,0.13046331957357404,0.0666647393522032
2023-09-06,251.9199981689453,255.38999938964844,245.05999755859375,255.13999938964844,116959800,-0.017817428513501543,0.1137331491898703,0.06739056102168416
2023-09-07,251.49000549316406,252.80999755859375,243.27000427246094,245.07000732421875,115312900,-0.0017068620153485314,0.12672294885976734,0.07009693852194279
2023-09-08,248.5,256.5199890136719,246.6699981689453,251.22000122070312,118367700,-0.01188916230408743,0.13347230565891657,0.0733779598181693
2023-09-11,273.5799865722656,274.8500061035156,260.6099853515625,264.2699890136719,174667900,0.10092549928477124,0.23117343857524952,0.0821359767642578
2023-09-12,267.4800109863281,278.3900146484375,266.6000061035156,270.760009765625,135999900,-0.022296863386701782,0.14376982739168856,0.08125787099190404
2023-09-13,271.29998779296875,274.9800109863281,268.1000061035156,270.07000732421875,111673700,0.014281354305895722,0.10234992643140083,0.0753573824030188
2023-09-14,276.0400085449219,276.7099914550781,270.4200134277344,271.32000732421875,107709800,0.017471511114000693,0.12084723443515295,0.07282182177972696
2023-09-15,274.3900146484375,278.9800109863281,271.0,277.54998779296875,133692300,-0.005977372284481253,0.147434535574374,0.06703264866364378
2023-09-18,265.2799987792969,271.44000244140625,263.760009765625,271.1600036621094,101543300,-0.033200974462619715,0.07252153767921823,0.06089204965995673
2023-09-19,266.5,267.8500061035156,261.20001220703125,264.3500061035156,103704000,0.004598918977371191,0.04952391374966689,0.06045810578528076
2023-09-20,262.5899963378906,273.92999267578125,262.4599914550781,267.0400085449219,122514600,-0.014671683535119606,0.072547431716472,0.05965431450911802
2023-09-21,255.6999969482422,260.8599853515625,254.2100067138672,257.8500061035156,119951500,-0.026238620989897266,0.048729064677880324,0.05495510412340149
2023-09-22,244.8800048828125,257.7900085449219,244.47999572753906,257.3999938964844,127524100,-0.042315182614647506,0.06341241604398572,0.0482856775412226
2023-09-25,246.99000549316406,247.10000610351562,238.30999755859375,243.3800048828125,104636600,0.008616467528091087,0.0036376436186898,0.05037440175304454
2023-09-26,244.1199951171875,249.5500030517578,241.66000366210938,242.97999572753906,101993600,-0.011619945391094011,0.0033251524907446303,0.05269122974198313
2023-09-27,240.5,245.3300018310547,234.5800018310547,244.25999450683594,136597200,-0.014828753029631048,0.05471836246670213,0.052930813456317914
2023-09-28,246.3800048828125,247.5500030517578,238.64999389648438,240.02000427246094,117058900,0.02444908475181906,0.043776032926480676,0.0541322710174065
2023-09-29,250.22000122070312,254.77000427246094,246.35000610351562,250.0,128522700,0.015585665483353939,-0.00439457479498942,0.05832826002875716
2023-10-02,251.60000610351562,254.27999877929688,242.6199951171875,244.80999755859375,123810400,0.005515166158101437,0.008063744472735397,0.06086987412024164
2023-10-03,246.52999877929688,250.02000427246094,244.4499969482422,248.61000061035156,101985300,-0.020151062008054166,-0.052620738414940985,0.06687325399676493
2023-10-04,261.1600036621094,261.8599853515625,247.60000610351562,248.13999938964844,129721600,0.05934371052307452,0.029324246951160537,0.06690634572558564
2023-10-05,260.04998779296875,263.6000061035156,256.25,260.0,119159200,-0.00425032873937603,0.01271087536834229,0.06666820706115102
2023-10-06,260.5299987792969,261.6499938964844,250.64999389648438,253.97999572753906,118121800,0.001845841218459432,0.035763868933098145,0.06488212429437293
2023-10-09,259.6700134277344,261.3599853515625,252.0500030517578,255.30999755859375,101377900,-0.003300907210654902,0.009566604321613627,0.05154209758775283
2023-10-10,263.6199951171875,268.94000244140625,257.6499938964844,257.75,122656000,0.015211543440507347,0.07184184966323368,0.04681940443991457
2023-10-11,262.989990234375,268.6000061035156,260.8999938964844,266.20001220703125,103706300,-0.002389822071472425,0.06227733634484246,0.045044156084719914
2023-10-12,258.8699951171875,265.4100036621094,256.6300048828125,262.9200134277344,111508100,-0.015665976919941982,0.10533653112324837,0.04374165707318355
2023-10-13,251.1199951171875,259.6000061035156,250.22000122070312,258.8999938964844,102073800,-0.02993780718577166,0.05065881204286743,0.03614251117654814
2023-10-16,253.9199981689453,255.39999389648438,248.47999572753906,250.0500030517578,88917200,0.01115006015531006,0.049085716939935076,0.03530159668305239
2023-10-17,254.85000610351562,257.17999267578125,247.0800018310547,250.10000610351562,93562900,0.0036626021631882555,0.07674014174269495,0.03636443442386841
2023-10-18,242.67999267578125,254.6300048828125,242.0800018310547,252.6999969482422,125147800,-0.04775363208267347,0.06526708740478815,0.036027112903420824
2023-10-19,220.11000061035156,230.61000061035156,216.77999877929688,225.9499969482422,170772700,-0.09300310180733784,0.07240525094062185,0.03681791521311638
2023-10-20,211.99000549316406,218.86000061035156,210.4199981689453,217.00999450683594,138010100,-0.036890623300491754,-0.0010693712341525857,0.037299730816255074
2023-10-23,212.0800018310547,216.97999572753906,202.50999450683594,210.0,150683400,0.0004245310418349302,0.02276750408615537,0.03669843414986627
2023-10-24,216.52000427246094,222.0500030517578,214.11000061035156,216.5,118231100,0.02093550737020089,-0.07477996674317744,0.043801863063118826
2023-10-25,212.4199981689453,220.10000610351562,212.1999969482422,215.8800048828125,107065100,-0.018935922882932887,-0.09414944445760665,0.051659216191167104
2023-10-26,205.75999450683594,214.8000030517578,204.8800048828125,211.32000732421875,115112600,-0.031352997455599385,-0.08816720200918128,0.05718752709176212
2023-10-27,207.3000030517578,212.41000366210938,205.77000427246094,210.60000610351562,94881200,0.00748448962886572,-0.11273430122433586,0.06411518760926217
2023-10-30,197.36000061035156,210.8800048828125,194.6699981689453,209.27999877929688,136448200,-0.04794984223383958,-0.06633202393041576,0.0664948462528556
2023-10-31,200.83999633789062,202.8000030517578,194.07000732421875,196.1199951171875,118068300,0.017632730628176496,-0.08494484391709756,0.06842831894621462
2023-11-01,205.66000366210938,205.99000549316406,197.85000610351562,204.0399932861328,121661700,0.023999240251476817,-0.0561232325027943,0.06962333722648992
2023-11-02,218.50999450683594,219.1999969482422,211.4499969482422,212.97000122070312,125987600,0.06248172039245192,-0.0006888420725579963,0.069587470131458
2023-11-03,219.9600067138672,226.3699951171875,218.39999389648438,221.14999389648438,119534800,0.006635907937775798,-0.015653888394021195,0.06922859496082119
2023-11-06,219.27000427246094,226.32000732421875,215.0,223.97999572753906,117335800,-0.0031369449915676917,-0.024377691341321492,0.06938640511652978
2023-11-07,222.17999267578125,223.1199951171875,215.72000122070312,219.97999572753906,116900100,0.013271256198382764,0.00296049710317442,0.06719631810205111
2023-11-08,222.11000061035156,224.14999389648438,217.63999938964844,223.14999389648438,106584800,-0.00031502415940676265,0.04091633376525752,0.06622378379576599
2023-11-09,209.97999572753906,220.8000030517578,206.67999267578125,219.75,142110500,-0.054612601186257326,0.08444673526867194,0.06450714308085932
2023-11-10,214.64999389648438,215.3800048828125,205.69000244140625,210.02999877929688,130994000,0.022240205086035525,0.07683832202855291,0.06600174331280693
2023-11-13,223.7100067138672,225.39999389648438,211.61000061035156,215.60000610351562,140447600,0.04220830689495392,0.09909849995585673,0.06908901300586061
2023-11-14,237.41000366210938,238.13999938964844,230.72000122070312,235.02999877929688,149771600,0.06123998273248876,0.14808601721447182,0.07505505154850044
2023-11-15,242.83999633789062,246.6999969482422,236.4499969482422,239.2899932861328,150354000,0.022871793909364557,0.17711756076405105,0.08385043061075177
2023-11-16,233.58999633789062,240.8800048828125,230.9600067138672,239.49000549316406,136816800,-0.038090924639652135,0.12902947545499188,0.08712807501850817
2023-11-17,234.3000030517578,237.38999938964844,226.5399932861328,232.0,142532800,0.0030395424675642158,0.17088552042822974,0.09435856094229797
2023-11-20,235.60000610351562,237.10000610351562,231.02000427246094,234.0399932861328,116320100,0.005548455120893081,0.12913892484029937,0.09765813118339091
2023-11-21,241.1999969482422,243.6199951171875,233.33999633789062,235.0399932861328,122288000,0.023769060694616817,0.13941694856592352,0.09822619702838532
2023-11-22,234.2100067138672,244.00999450683594,231.39999389648438,242.0399932861328,117950600,-0.028980059381488954,0.08495720496186922,0.0941280571752111
2023-11-24,235.4499969482422,238.75,232.3300018310547,233.75,65125200,0.00529435207219775,0.0031665975666217705,0.08960297187415467
2023-11-27,236.0800018310547,238.3300018310547,232.10000610351562,236.88999938964844,112031800,0.0026757481035388775,0.0814267099225015,0.0816338647137666
2023-11-28,246.72000122070312,247.0,234.00999450683594,236.67999267578125,148549900,0.04506946504203557,0.15412559161376235,0.07909524639173883
2023-11-29,244.13999938964844,252.75,242.75999450683594,249.2100067138672,135401300,-0.010457205813430348,0.12371634850103792,0.07138529294550704
2023-11-30,240.0800018310547,245.22000122070312,236.91000366210938,245.13999938964844,132353200,-0.016629792613843564,0.14473050179900873,0.06549385615717934
2023-12-01,238.8300018310547,240.19000244140625,231.89999389648438,233.13999938964844,121331700,-0.005206597761023168,0.11586821897777264,0.06234681804851548
2023-12-04,235.5800018310547,239.3699951171875,233.2899932861328,235.75,104099800,-0.01360800559009756,0.058363385825703995,0.05755174306754892
2023-12-05,238.72000122070312,246.66000366210938,233.6999969482422,233.8699951171875,137971100,0.013328802806870987,0.07959775982109156,0.050242845433383705
2023-12-06,239.3699951171875,246.57000732421875,239.1699981689453,242.9199981689453,126436200,0.002722829646282676,0.04242750689747783,0.0467970770279935
2023-12-07,242.63999938964844,244.0800018310547,236.97999572753906,241.5500030517578,107142300,0.01366087788429815,0.06546057878623181,0.045350533246953664
2023-12-08,243.83999633789062,245.27000427246094,239.27000427246094,240.27000427246094,103126800,0.0049455858525417895,0.06449619840205315,0.046049586692794034
2023-12-11,239.74000549316406,243.44000244140625,237.4499969482422,242.74000549316406,97913900,-0.01681426716823431,0.033532908309082496,0.04837312714458633
2023-12-12,237.00999450683594,238.99000549316406,233.8699951171875,238.5500030517578,95328300,-0.011387381846063915,-0.002758786468150245,0.05378013490063782
2023-12-13,239.2899932861328,240.3000030517578,228.1999969482422,234.19000244140625,146286300,0.009619842336358264,0.12609594281175535,0.052901345355341
2023-12-14,251.0500030517578,253.8800048828125,240.7899932861328,241.22000122070312,160829200,0.04914543063053567,0.1840517897481357,0.05348024621329001
2023-12-15,253.5,254.1300048828125,248.3000030517578,251.2100067138672,135932800,0.009758999874367902,0.14854210740257714,0.05427910602956511
2023-12-18,252.0800018310547,258.739990234375,251.36000061035156,253.77999877929688,116416500,-0.005601570686174839,0.07744297697880441,0.05157146699604686
2023-12-19,257.2200012207031,258.3399963378906,253.00999450683594,253.47999572753906,106737400,0.0203903496997484,0.09366828743928995,0.05085698756455441
2023-12-20,247.13999938964844,259.8399963378906,247.0,256.4100036621094,125097000,-0.03918825045959673,0.09436067379134161,0.04957731358264614
2023-12-21,254.5,254.8000030517578,248.5500030517578,251.89999389648438,109594200,0.029780693649462897,0.09571822522781437,0.04959336239174639
2023-12-22,252.5399932861328,258.2200012207031,251.3699951171875,256.760009765625,93370100,-0.007701401626197146,0.07233767914499022,0.04552249761463552
2023-12-26,256.6099853515625,257.9700012207031,252.91000366210938,254.49000549316406,86892400,0.01611622781987765,0.06531629538593904,0.04587292488602619
2023-12-27,261.44000244140625,263.3399963378906,257.5199890136719,258.3500061035156,106494400,0.018822405072142834,0.1111299312973196,0.043759882848809946
2023-12-28,253.17999267578125,265.1300048828125,252.7100067138672,263.6600036621094,113619900,-0.03159428430420175,0.08539901698639189,0.043025067801824385
2023-12-29,248.47999572753906,255.19000244140625,247.42999267578125,255.10000610351562,100891600,-0.018563856087399966,0.047747713407408146,0.04171499244203843
